Timestamp,TEA,FLAVOR,MILK,ICE [Ice Level],SWEETNESS [Sweetness Level],Toppings,NAME,,Started,Completed,
2/9/2023 19:06:36,BSL,,MILK,,,BOBA,lucienne,,TRUE,TRUE,
2/9/2023 19:07:19,THAI,,MILK,50%,75%,,thira,,TRUE,TRUE,
2/9/2023 19:10:03,TARO,,Oat,50%,25%,BOBA,hannah,,TRUE,TRUE,
2/9/2023 19:10:34,JSMN,"KQ, MNGO",,50%,50%,BOBA,hannah,,TRUE,TRUE,
2/9/2023 19:11:27,BLK,ROSE,MILK,25%,50%,BOBA,ishika,,TRUE,TRUE,
2/9/2023 19:12:05,JSMN,,MILK,0%,100%,BOBA,simran,,TRUE,TRUE,ew2382
2/9/2023 19:14:13,MTCH,,MILK,,,BOBA,mai,,TRUE,TRUE,
2/9/2023 19:14:42,BLK,PSNFRT,,100%,75%,BOBA,mai 2,,TRUE,TRUE,
2/9/2023 19:21:33,JSMN,,MILK,0%,25%,BOBA,ulas,,TRUE,TRUE,
2/9/2023 19:22:31,JSMN,,MILK,,0%,BOBA,serenat,,TRUE,TRUE,
2/9/2023 19:23:06,JSMN,,MILK,75%,75%,,kendra,,TRUE,TRUE,
2/9/2023 19:23:44,THAI,,MILK,100%,100%,BOBA,waldo,,TRUE,TRUE,
2/9/2023 19:28:16,JSMN,PCH,,25%,75%,BOBA,iram (ee-ram),,TRUE,TRUE,
2/9/2023 19:30:40,THAI,,MILK,100%,75%,BOBA,london,,TRUE,TRUE,
2/9/2023 19:31:21,JSMN,"MNGO, PSNFRT",,50%,50%,POPPIN,jadin (jay-den),,TRUE,TRUE,
2/9/2023 19:32:04,TARO,,MILK,,50%,BOBA,abby,,TRUE,TRUE,
2/9/2023 19:32:33,JSMN,"MNGO, PSNFRT",,50%,50%,"BOBA, LYCHEE",abby 2,,TRUE,TRUE,
2/9/2023 19:33:01,BLK,,MILK,25%,75%,BOBA,jackie,,TRUE,TRUE,
2/9/2023 19:35:16,MTCH,,MILK,75%,,,lauren,,TRUE,TRUE,
2/9/2023 19:36:13,JSMN,"PSNFRT, PCH",,25%,25%,LYCHEE,layla,,TRUE,TRUE,
2/9/2023 19:37:08,BLK,ROSE,MILK,25%,25%,BOBA,alex,,TRUE,TRUE,
2/9/2023 19:37:49,JSMN,"MNGO, PSNFRT",,25%,50%,BOBA,stephanie,,TRUE,TRUE,
2/9/2023 19:38:58,BSL,,MILK,,,BOBA,tara (2% milk),,TRUE,TRUE,
2/9/2023 19:40:54,JSMN,"MNGO, PSNFRT",,50%,75%,LYCHEE,jessica,,TRUE,TRUE,
2/9/2023 19:41:43,BLK,ROSE,MILK,25%,50%,LYCHEE,terrence,,TRUE,TRUE,
2/9/2023 19:42:23,THAI,,MILK,0%,50%,BOBA,joe,,TRUE,TRUE,
2/9/2023 19:44:00,JSMN,,MILK,25%,100%,BOBA,anu (ah-new),,TRUE,TRUE,
2/9/2023 19:44:49,BSL,,MILK,,,BOBA,nate,,TRUE,TRUE, `
2/9/2023 19:45:52,THAI,,MILK,25%,50%,BOBA,stephanie,,TRUE,TRUE,
2/9/2023 19:46:28,TARO,,MILK,25%,100%,BOBA,blessing,,TRUE,TRUE,
2/9/2023 19:47:00,BSL,,MILK,,,BOBA,philip,,TRUE,TRUE,
2/9/2023 19:47:31,TARO,,Oat,,50%,BOBA,matthew,,TRUE,TRUE,
2/9/2023 19:48:25,OLNG,"HNY, PCH",,25%,75%,BOBA,priscilla,,TRUE,TRUE,
2/9/2023 19:49:04,BLK,PSNFRT,,0%,100%,BOBA,marina,,TRUE,TRUE,
2/9/2023 19:50:35,JSMN,"MNGO, PSNFRT",,100%,25%,,ziona (zye-ona),,TRUE,TRUE,
2/9/2023 19:51:15,OLNG,,MILK,50%,75%,BOBA,ruthie,,TRUE,TRUE,
2/9/2023 19:51:43,THAI,,MILK,50%,75%,BOBA,sabrina,,TRUE,TRUE,
2/9/2023 19:52:10,BLK,,MILK,25%,25%,BOBA,rue,,TRUE,TRUE,
2/9/2023 19:52:53,THAI,,MILK,50%,50%,BOBA,taylor,,TRUE,TRUE,
2/9/2023 19:53:41,THAI,,MILK,50%,75%,BOBA,kimin (kee-min),,TRUE,TRUE,
2/9/2023 19:54:09,JSMN,"MNGO, PSNFRT",,50%,50%,LYCHEE,kimin 2,,TRUE,TRUE,
2/9/2023 19:55:41,JSMN,WNTML,MILK,25%,100%,LYCHEE,rom,,TRUE,TRUE,
2/9/2023 19:56:59,OLNG,MNGO,,0%,25%,POPPIN,luke,,TRUE,TRUE,
2/9/2023 19:57:37,BSL,,MILK,0%,,BOBA,josh,,TRUE,TRUE,
2/9/2023 19:59:08,JSMN,"MNGO, PSNFRT",,25%,100%,POPPIN,ishita,,TRUE,TRUE,
2/9/2023 19:59:43,BSL,,MILK,,,BOBA,ella,,TRUE,TRUE,
2/9/2023 20:00:27,BLK,MNGO,,25%,100%,POPPIN,amy,,TRUE,TRUE,
2/9/2023 20:01:32,BLK,,MILK,75%,75%,BOBA,megan,,TRUE,\,
2/9/2023 20:01:49,BLK,,MILK,75%,75%,BOBA,megan 2,,TRUE,TRUE,
2/9/2023 20:02:15,JSMN,,MILK,25%,25%,BOBA,carter,,TRUE,TRUE,
2/9/2023 20:02:50,TARO,,MILK,,50%,BOBA,joey,,TRUE,TRUE,
2/9/2023 20:04:11,JSMN,WNTML,MILK,50%,75%,,kamdeh (kahm-deh),,TRUE,TRUE,
2/9/2023 20:04:52,OLNG,"HNY, PCH",,0%,75%,BOBA,cooper,,TRUE,TRUE,
2/9/2023 20:05:27,JSMN,"KQ, LYCH",,25%,100%,LYCHEE,mars,,TRUE,TRUE,
2/9/2023 20:06:08,BLK,PCH,,100%,50%,BOBA,anna,,TRUE,TRUE,
2/9/2023 20:06:43,JSMN,"MNGO, PSNFRT",,50%,75%,BOBA,anna 2,,TRUE,TRUE,
2/9/2023 20:08:07,JSMN,,MILK,50%,100%,BOBA,rico,,TRUE,TRUE,
2/9/2023 20:08:38,THAI,,MILK,25%,100%,BOBA,ella,,TRUE,,
2/9/2023 20:09:01,BSL,,MILK,,,BOBA,molly,,\,TRUE,
2/9/2023 20:09:33,JSMN,"MNGO, PSNFRT",,25%,50%,BOBA,patricia,,TRUE,TRUE,
2/9/2023 20:10:05,BSL,,MILK,,,BOBA,ava,,TRUE,TRUE,
2/9/2023 20:10:58,OLNG,ROSE,,50%,75%,,izzy,,TRUE,TRUE,
2/9/2023 20:11:50,BLK,PCH,,25%,75%,LYCHEE,kayla,,TRUE,TRUE,
2/9/2023 20:12:20,JSMN,PCH,,25%,50%,LYCHEE,claire,,TRUE,TRUE,
2/9/2023 20:12:54,DTYMTCH,,Oat,,,BOBA,hasana,,TRUE,TRUE,
2/9/2023 20:13:30,THAI,,MILK,50%,100%,BOBA,lenny,,TRUE,TRUE,
2/9/2023 20:14:25,OLNG,,MILK,25%,100%,BOBA,leslie,,TRUE,TRUE,
2/9/2023 20:15:38,MTCH,,Oat,,,BOBA,rosie,,\,TRUE,
2/9/2023 20:15:50,MTCH,,Oat,,,BOBA,rosie 2,,TRUE,TRUE,
2/9/2023 20:16:18,OLNG,"HNY, PCH",,100%,100%,BOBA,rosie 3,,TRUE,TRUE,
2/9/2023 20:16:46,TARO,,Soy,,25%,BOBA,rosie 4,,TRUE,,
2/9/2023 20:17:18,BSL,,MILK,,,BOBA,natasha,,,TRUE,
2/9/2023 20:17:57,JSMN,"KQ, LYCH",,50%,100%,,skyler,,TRUE,TRUE,
2/9/2023 20:18:42,TARO,,Almond,,75%,BOBA,chau (cho),,TRUE,TRUE,
2/9/2023 20:19:30,BLK,ROSE,Almond,75%,75%,BOBA,chau 2,,TRUE,TRUE,
2/9/2023 20:20:40,THAI,,MILK,25%,100%,BOBA,bob,,TRUE,TRUE,
2/9/2023 20:21:13,JSMN,"MNGO, PCH",,50%,75%,LYCHEE,angie,,TRUE,TRUE,
2/9/2023 20:22:36,JSMN,"MNGO, PSNFRT",,25%,75%,LYCHEE,bianca,,TRUE,TRUE,
2/9/2023 20:23:01,BSL,,MILK,,,BOBA,diana,,TRUE,TRUE,
2/9/2023 20:23:27,DTYMTCH,,MILK,,,BOBA,theo,,\,TRUE,
2/9/2023 20:23:40,BSL,,MILK,,,BOBA,theo 2,,TRUE,TRUE,
2/9/2023 20:24:09,BSL,,MILK,,,BOBA,leo (lee-oh),,\,TRUE,
2/9/2023 20:24:50,JSMN,"KQ, LYCH",,50%,50%,BOBA,zorah,,TRUE,TRUE,
2/9/2023 20:25:55,BLK,,MILK,0%,75%,,amy,,TRUE,TRUE,
2/9/2023 20:26:57,OLNG,"HNY, PCH",,25%,75%,LYCHEE,hanah,,TRUE,TRUE,
2/9/2023 20:30:19,BSL,,MILK,,,BOBA,phyllis,,TRUE,TRUE,
2/9/2023 20:34:58,JSMN,"MNGO, PSNFRT",,50%,75%,BOBA,mariana,,TRUE,TRUE,
2/9/2023 20:37:17,JSMN,PCH,,0%,50%,"BOBA, POPPIN",joana,,TRUE,TRUE,
2/9/2023 20:37:48,JSMN,,MILK,50%,50%,BOBA,bella,,TRUE,TRUE,
2/9/2023 20:40:17,BLK,,MILK,50%,50%,BOBA,Elizabeth 1,,TRUE,TRUE,
2/9/2023 20:40:57,MTCH,,Oat,,,"BOBA, LYCHEE",Elizabeth 2,,TRUE,TRUE,
2/9/2023 20:41:38,OLNG,"HNY, PCH",,50%,100%,LYCHEE,jeremy,,TRUE,TRUE,
2/9/2023 20:44:47,JSMN,"MNGO, PSNFRT",,25%,100%,BOBA,miraal,,TRUE,TRUE,
2/9/2023 20:45:29,BLK,ROSE,MILK,25%,100%,,nisha,,TRUE,TRUE,
2/9/2023 20:46:00,OLNG,"HNY, PCH",,25%,75%,BOBA,dean,,TRUE,TRUE,
2/9/2023 20:46:26,TARO,,Oat,,50%,BOBA,niketa,,TRUE,TRUE,
2/9/2023 20:47:08,OLNG,"KQ, PCH",,25%,25%,,isabel,,TRUE,TRUE,
2/9/2023 20:47:53,THAI,,MILK,25%,50%,BOBA,nick,,TRUE,TRUE,
2/9/2023 20:49:09,JSMN,KQ,,25%,25%,BOBA,reia (ray-yuh),,TRUE,TRUE,
2/9/2023 20:49:54,JSMN,,MILK,50%,50%,BOBA,taryn,,TRUE,TRUE,
2/9/2023 20:50:19,BLK,,MILK,50%,50%,BOBA,taryn 2,,TRUE,TRUE,
2/9/2023 20:50:53,TARO,,MILK,50%,100%,BOBA,maddie,,TRUE,TRUE,
2/9/2023 20:51:24,THAI,,MILK,25%,50%,BOBA,emma,,TRUE,TRUE,
2/9/2023 20:52:06,TARO,,MILK,,50%,BOBA,sammy,,TRUE,TRUE,
2/9/2023 20:55:36,TARO,,MILK,,50%,BOBA,sultan (extra boba),,TRUE,TRUE,
2/9/2023 20:57:52,TARO,,MILK,,50%,BOBA,su (soo),,TRUE,TRUE,
2/9/2023 20:58:07,TARO,,MILK,,50%,BOBA,su 2,,TRUE,TRUE,
2/9/2023 20:58:55,TARO,,MILK,50%,25%,BOBA,will,,TRUE,TRUE,
2/9/2023 21:01:57,THAI,,MILK,100%,100%,,nico,,TRUE,TRUE,
2/9/2023 21:03:46,BLK,ROSE,MILK,0%,100%,LYCHEE,dante,,TRUE,TRUE,
2/9/2023 21:05:04,JSMN,"MNGO, PSNFRT",,25%,25%,BOBA,emme,,TRUE,TRUE,
2/9/2023 21:05:36,JSMN,"MNGO, PSNFRT",,50%,25%,BOBA,christina,,TRUE,TRUE,
2/9/2023 21:06:51,BLK,,MILK,25%,50%,BOBA,acessi (aye-cee),,TRUE,TRUE,
2/9/2023 21:07:44,TARO,,MILK,25%,75%,BOBA,alina,,TRUE,TRUE,
2/9/2023 21:08:23,THAI,,MILK,50%,50%,BOBA,medha (may-dha),,TRUE,TRUE,
2/9/2023 21:09:02,BSL,,MILK,,,BOBA,tristan,,TRUE,TRUE,
2/9/2023 21:09:26,MTCH,,Oat,,,BOBA,aaron,,TRUE,TRUE,
2/9/2023 21:10:01,JSMN,"MNGO, PSNFRT",,100%,75%,BOBA,caroline,,TRUE,TRUE,
2/9/2023 21:10:35,JSMN,WNTML,MILK,100%,75%,BOBA,katelyn,,TRUE,TRUE,
2/9/2023 21:11:13,OLNG,"PCH, ROSE",,25%,50%,POPPIN,alex,,TRUE,TRUE,
2/9/2023 21:14:03,TARO,,Oat,25%,100%,BOBA,jacob,,TRUE,TRUE,
2/9/2023 21:15:54,DTYMTCH,,Oat,,,,kai,,TRUE,TRUE,
2/9/2023 21:16:31,BSL,,Almond,,,BOBA,min,,TRUE,TRUE,
2/9/2023 21:18:10,BSL,ROSE,Oat,,,BOBA,alexi (10ml rose),,TRUE,TRUE,
2/9/2023 21:19:00,THAI,,Oat,25%,100%,BOBA,eshanya,,TRUE,TRUE,
2/9/2023 21:19:39,THAI,,MILK,25%,50%,BOBA,eshanya 2,,TRUE,TRUE,
2/9/2023 21:20:17,BLK,ROSE,MILK,100%,50%,BOBA,jing,,TRUE,TRUE,
2/9/2023 21:21:05,TARO,,Oat,,0%,BOBA,rina,,TRUE,TRUE,
2/9/2023 21:21:39,MTCH,,MILK,,,BOBA,janet (jah-net),,TRUE,TRUE,
2/9/2023 21:22:29,BSL,,MILK,25%,,BOBA,alina,,TRUE,TRUE,
2/9/2023 21:24:21,THAI,,MILK,25%,50%,BOBA,alex,,TRUE,TRUE,
2/9/2023 21:25:38,BSL,,Almond,,,BOBA,adrian,,TRUE,TRUE,
2/9/2023 21:27:57,JSMN,MNGO,,0%,50%,BOBA,serena,,TRUE,TRUE,
2/9/2023 21:29:25,DTYMTCH,,Oat,,,BOBA,danni,,TRUE,TRUE,
2/9/2023 21:30:18,DTYMTCH,,MILK,,,BOBA,brenda,,TRUE,TRUE,
2/9/2023 21:31:17,THAI,,MILK,25%,75%,,brian,,TRUE,TRUE,
2/9/2023 21:32:32,BLK,ROSE,MILK,75%,75%,BOBA,rachel,,TRUE,TRUE,
2/9/2023 21:34:10,DTYMTCH,,MILK,0%,,BOBA,dennis,,TRUE,TRUE,
2/9/2023 21:35:09,THAI,,MILK,25%,75%,,ale (ah-leh),,TRUE,TRUE,
2/9/2023 21:35:42,BLK,MNGO,,25%,100%,POPPIN,daniel,,TRUE,TRUE,
2/9/2023 21:38:27,JSMN,"KQ, LYCH",,25%,50%,LYCHEE,naima,,TRUE,TRUE,
2/9/2023 21:39:00,BSL,,MILK,,,BOBA,betsua (bet-soo-ah),,TRUE,TRUE,
2/9/2023 21:39:36,MTCH,,MILK,,,BOBA,betsua 2,,TRUE,TRUE,
2/9/2023 21:43:09,OLNG,,MILK,25%,50%,BOBA,may,,TRUE,TRUE,
2/9/2023 21:44:05,JSMN,"KQ, LYCH",,50%,50%,BOBA,anna,,TRUE,TRUE,
2/9/2023 21:45:51,BLK,ROSE,MILK,100%,50%,BOBA,sarah,,TRUE,TRUE,
2/9/2023 21:47:03,BLK,ROSE,MILK,25%,50%,BOBA,gaby,,TRUE,TRUE,
2/9/2023 21:47:26,JSMN,,MILK,25%,75%,BOBA,grace,,TRUE,TRUE,
2/9/2023 21:48:03,JSMN,"MNGO, PSNFRT",,25%,25%,POPPIN,matilda,,TRUE,TRUE,
2/9/2023 21:48:54,BLK,,MILK,50%,75%,BOBA,olive,,TRUE,TRUE,
2/9/2023 21:49:44,BLK,ROSE,MILK,100%,75%,BOBA,kate,,TRUE,TRUE,
2/9/2023 21:50:45,BLK,,MILK,0%,75%,BOBA,zuriel (zoo-ree-elle),,TRUE,TRUE,
2/14/2023 19:03:56,SPECIAL,,,0%,,LYCHEE,julie ,,TRUE,TRUE,
2/14/2023 19:04:29,MTCH,,MILK,25%,,BOBA,Mai ,,TRUE,TRUE,
2/14/2023 19:05:24,TARO,,MILK,25%,75%,BOBA,Mai 2,,TRUE,TRUE,
2/14/2023 19:07:05,SPECIAL,,MILK,,,BOBA,sarah (regular milk ) strawberry ,,TRUE,TRUE,
2/14/2023 19:07:48,SPECIAL,,,,,BOBA,Zuriel (SS) ,,TRUE,TRUE,
2/14/2023 19:08:38,TARO,,MILK,50%,50%,BOBA,Saru ,,TRUE,TRUE,
2/14/2023 19:10:07,BLK,ROSE,MILK,25%,25%,BOBA,emily ,,TRUE,TRUE,
2/14/2023 19:11:55,THAI,,MILK,0%,25%,BOBA,neema,,TRUE,TRUE,
2/14/2023 19:13:09,BLK,ROSE,MILK,50%,100%,LYCHEE,akosua,,TRUE,TRUE,
2/14/2023 19:14:32,JSMN,"LYCH, ROSE",,25%,100%,LYCHEE,grace ,,TRUE,TRUE,
2/14/2023 19:15:08,JSMN,"MNGO, PSNFRT",,50%,100%,LYCHEE,Annika ,,TRUE,TRUE,
2/14/2023 19:16:56,OLNG,"KQ, LYCH",,25%,100%,"BOBA, LYCHEE",ella ,,TRUE,TRUE,
2/14/2023 19:20:11,JSMN,ROSE,MILK,25%,100%,LYCHEE,Christine ,,TRUE,TRUE,
2/14/2023 19:21:09,SPECIAL,,MILK,0%,,BOBA,Nina (reg milk ss),,TRUE,TRUE,
2/14/2023 19:22:06,SPECIAL,,,,,BOBA,Betsy (WR),,TRUE,TRUE,
2/14/2023 19:22:36,MTCH,,MILK,,,BOBA,Manu,,TRUE,TRUE,
2/14/2023 19:25:02,JSMN,"MNGO, PSNFRT",,25%,25%,BOBA,Alessio ,,TRUE,TRUE,
2/14/2023 19:26:00,TARO,,MILK,25%,75%,BOBA,ishi ,,TRUE,TRUE,
2/14/2023 19:31:30,OLNG,,MILK,50%,75%,BOBA,Ruthie,,TRUE,TRUE,
2/14/2023 19:32:38,BLK,ROSE,MILK,25%,100%,,sui ,,TRUE,TRUE,
2/14/2023 19:33:21,BLK,ROSE,MILK,25%,100%,LYCHEE,Riaan ,,TRUE,TRUE,
2/14/2023 19:34:36,SPECIAL,,Oat,,,BOBA,Michelle (SS - less),,TRUE,TRUE,
2/14/2023 19:35:11,TARO,,MILK,75%,100%,BOBA,Sam,,TRUE,TRUE,
2/14/2023 19:37:57,TARO,,MILK,25%,75%,LYCHEE,Christine ,,TRUE,TRUE,
2/14/2023 19:38:52,JSMN,,MILK,50%,25%,BOBA,matt ,,TRUE,TRUE,
2/14/2023 19:41:35,SPECIAL,,,,,BOBA,Tristen (WR),,TRUE,TRUE,
2/14/2023 19:42:19,SPECIAL,,,,,BOBA,melissa (WR) ,,TRUE,TRUE,
2/14/2023 19:47:06,JSMN,"MNGO, PSNFRT",,50%,50%,BOBA,Zora ,,TRUE,TRUE,
2/14/2023 19:48:24,TARO,,MILK,25%,75%,BOBA,maddie ,,TRUE,TRUE,
2/14/2023 19:49:10,JSMN,,MILK,0%,25%,BOBA,Ulas,,TRUE,TRUE,
2/14/2023 19:49:32,JSMN,,MILK,25%,50%,BOBA,Ulas 2 ,,TRUE,TRUE,
2/14/2023 19:57:41,THAI,,MILK,25%,75%,BOBA,Taylor,,TRUE,TRUE,
2/14/2023 19:58:13,BLK,,MILK,25%,25%,BOBA,Dylan,,TRUE,TRUE,
2/14/2023 19:58:53,SPECIAL,,,50%,,BOBA,Guy(SS- LESS),,TRUE,TRUE,
2/14/2023 19:59:22,SPECIAL,,,,,BOBA,Grace(SS),,TRUE,TRUE,
2/14/2023 20:02:48,SPECIAL,,,,,BOBA,Lucy(SS),,TRUE,TRUE,
2/14/2023 20:05:52,JSMN,,MILK,50%,100%,BOBA,Annie ,,TRUE,TRUE,
2/14/2023 20:07:25,SPECIAL,,,25%,,LYCHEE,Emma(WR) ,,TRUE,TRUE,
2/14/2023 20:08:06,JSMN,WNTML,MILK,100%,50%,BOBA,victoria ,,TRUE,TRUE,
2/14/2023 20:09:07,BLK,,MILK,25%,75%,BOBA,Jacky ,,TRUE,TRUE,
2/14/2023 20:09:47,JSMN,PCH,,25%,75%,POPPIN,Daniel,,TRUE,TRUE,
2/14/2023 20:10:29,OLNG,"HNY, PCH",,25%,50%,LYCHEE,Emrys ,,TRUE,TRUE,
2/14/2023 20:11:33,BLK,,MILK,50%,25%,BOBA,Ella ,,TRUE,TRUE,
2/14/2023 20:12:19,JSMN,,MILK,0%,0%,BOBA,serenat ,,TRUE,TRUE,
2/14/2023 20:13:45,JSMN,LYCH,,25%,25%,,sarah (light sweet),,TRUE,TRUE,
2/14/2023 20:14:27,BLK,LYCH,,25%,25%,"BOBA, LYCHEE",Nicole ,,TRUE,TRUE,
2/14/2023 20:14:59,BLK,,MILK,50%,100%,BOBA,Ava,,TRUE,TRUE,
2/14/2023 20:15:44,JSMN,"PSNFRT, PCH",,50%,25%,LYCHEE,Madeline,,TRUE,TRUE,
2/14/2023 20:18:22,BLK,ROSE,MILK,25%,75%,BOBA,Lucia ,,TRUE,TRUE,
2/14/2023 20:19:17,TARO,,MILK,50%,50%,BOBA,Joey ,,TRUE,TRUE,
2/14/2023 20:20:01,JSMN,LYCH,,50%,50%,BOBA,Sophia ,,TRUE,TRUE,
2/14/2023 20:21:05,JSMN,PCH,,50%,50%,BOBA,Sophia (extra boba) 2 ,,TRUE,TRUE,
2/14/2023 20:26:30,SPECIAL,,,,,BOBA,Rachel (SS) ,,TRUE,TRUE,
2/14/2023 20:27:08,SPECIAL,,,,,BOBA,Leah (SS) ,,TRUE,TRUE,
2/14/2023 20:27:47,MTCH,,MILK,,,BOBA,Isa,,TRUE,TRUE,
2/14/2023 20:28:16,MTCH,,MILK,,,BOBA,Graham ,,TRUE,TRUE,
2/14/2023 20:29:07,OLNG,,MILK,25%,100%,BOBA,Leslie ,,TRUE,TRUE,
2/14/2023 20:29:54,SPECIAL,,,,,BOBA,Mari (WR) ,,TRUE,TRUE,
2/14/2023 20:30:43,SPECIAL,,,,,BOBA,Anisa (SS) ,,TRUE,TRUE,
2/14/2023 20:33:05,TARO,,Oat,0%,25%,BOBA,Kai,,TRUE,TRUE,
2/14/2023 20:33:48,THAI,,MILK,50%,100%,BOBA,Maggie,,TRUE,TRUE,
2/14/2023 20:37:30,BSL,,MILK,,75%,BOBA,Hadley ,,TRUE,TRUE,
2/14/2023 20:39:08,JSMN,,MILK,50%,50%,BOBA,Bella ,,TRUE,TRUE,
2/14/2023 20:39:31,JSMN,PCH,,0%,50%,BOBA,Bella 2,,TRUE,TRUE,
2/14/2023 20:40:03,SPECIAL,,,,,BOBA,Bella 3 (WR),,TRUE,TRUE,
2/14/2023 20:41:59,SPECIAL,,,,,BOBA,Emrys(SS),,TRUE,TRUE,
2/14/2023 20:42:26,SPECIAL,,,,,,katie (SS),,TRUE,TRUE,
2/14/2023 20:43:13,SPECIAL,,,,,BOBA,Nikita (SS) ,,TRUE,TRUE,
2/14/2023 20:44:10,TARO,,Oat,50%,50%,BOBA,eva ,,TRUE,TRUE,
2/14/2023 20:45:27,SPECIAL,,Almond,,,BOBA,Drew(SS) ,,TRUE,TRUE,
2/14/2023 20:46:08,BLK,,MILK,50%,25%,BOBA,Drew 2 ,,TRUE,TRUE,
2/14/2023 20:47:08,JSMN,,MILK,25%,75%,BOBA,Omar ,,TRUE,TRUE,
2/14/2023 20:47:58,SPECIAL,,,,,BOBA,Ainhoa (SS),,TRUE,TRUE,
2/14/2023 20:48:41,JSMN,PCH,,0%,75%,BOBA,Isabel ,,TRUE,TRUE,
2/14/2023 20:49:10,SPECIAL,,,,,,Lauren(SS) ,,TRUE,TRUE,
2/14/2023 20:50:04,SPECIAL,,,25%,,BOBA,Leila (WR_less sweet),,TRUE,TRUE,
2/14/2023 20:51:15,SPECIAL,,,,,BOBA,Oscar (WR) ,,TRUE,TRUE,
2/14/2023 20:51:52,DTYMTCH,,MILK,,,BOBA,Aiko ,,TRUE,TRUE,
2/14/2023 20:52:41,TARO,,MILK,50%,25%,BOBA,Mariana ,,TRUE,TRUE,
2/14/2023 20:53:15,TARO,,MILK,25%,25%,BOBA,Reia ,,TRUE,TRUE,
2/14/2023 20:53:57,SPECIAL,,,,,BOBA,Dave (SS) ,,TRUE,TRUE,
2/14/2023 20:55:43,JSMN,,MILK,0%,100%,BOBA,Emma ,,TRUE,TRUE,
2/14/2023 20:56:34,SPECIAL,,,,,BOBA,Maymuunah (SS),,TRUE,TRUE,
2/14/2023 20:57:54,JSMN,,,50%,,,Jazz (Jasmine iced),,TRUE,TRUE,
2/14/2023 20:58:33,THAI,,MILK,50%,100%,BOBA,Jazz 2,,TRUE,TRUE,
2/14/2023 20:58:51,BLK,,MILK,50%,100%,BOBA,Jazz 3 ,,TRUE,TRUE,
2/14/2023 20:59:08,SPECIAL,,,,,BOBA,Jazz (SS),,TRUE,TRUE,
2/14/2023 21:01:21,BLK,,MILK,50%,100%,BOBA,Ak,,TRUE,TRUE,
2/14/2023 21:02:11,THAI,,MILK,25%,75%,"BOBA, LYCHEE",Alexandra,,TRUE,TRUE,
2/14/2023 21:02:48,THAI,,MILK,25%,50%,BOBA,Zack ,,TRUE,TRUE,
2/14/2023 21:03:22,SPECIAL,,,,,BOBA,Fares (WR),,TRUE,TRUE,
2/14/2023 21:04:07,BLK,ROSE,MILK,0%,75%,BOBA,Katie ,,TRUE,TRUE,
2/14/2023 21:12:29,SPECIAL,,Oat,,,BOBA,Sam (SS),,TRUE,TRUE,
2/14/2023 21:19:11,BLK,ROSE,MILK,0%,25%,BOBA,Larry,,TRUE,TRUE,
2/14/2023 21:20:37,DTYMTCH,,Oat,,,BOBA,Mckenna,,TRUE,TRUE,
2/14/2023 21:22:47,SPECIAL,"ROSE, WNTML",,,,BOBA,Hana (WR),,TRUE,TRUE,
2/14/2023 21:24:56,JSMN,,MILK,0%,50%,,Amy ,,TRUE,TRUE,
2/14/2023 21:25:52,OLNG,,MILK,100%,50%,BOBA,Lucas,,TRUE,TRUE,
2/14/2023 21:27:13,TARO,,MILK,,100%,BOBA,Eliza,,TRUE,TRUE,
2/14/2023 21:28:08,JSMN,"KQ, LYCH",,0%,50%,LYCHEE,Katie,,TRUE,TRUE,
2/14/2023 21:29:12,OLNG,MNGO,,25%,50%,BOBA,Anya,,TRUE,TRUE,
2/14/2023 21:29:53,SPECIAL,,Oat,,,BOBA,Jae,,TRUE,TRUE,
2/14/2023 21:30:58,BLK,ROSE,MILK,50%,50%,BOBA,Anna,,TRUE,TRUE,
2/14/2023 21:31:56,BSL,,Oat,50%,,BOBA,Lexi,,TRUE,TRUE,
2/14/2023 21:32:40,TARO,,MILK,,100%,BOBA,SAWYER,,TRUE,TRUE,
2/14/2023 21:34:24,JSMN,"MNGO, PSNFRT",,25%,25%,BOBA,evelyn,,TRUE,TRUE,
2/14/2023 21:35:08,SPECIAL,,,,,BOBA,Kaylin (SS),,TRUE,TRUE,
2/14/2023 21:35:33,SPECIAL,,,,,BOBA,Aaron (WR),,TRUE,TRUE,
2/14/2023 21:37:04,DTYMTCH,,MILK,,,BOBA,Larry,,TRUE,TRUE,
2/14/2023 21:37:34,SPECIAL,,,,,,Syd (WR),,TRUE,TRUE,
2/14/2023 21:42:09,JSMN,"MNGO, PSNFRT",,50%,75%,BOBA,Marianna,,TRUE,TRUE,
2/16/2023 19:03:29,BLK,,MILK,50%,75%,BOBA,tom,,TRUE,TRUE,
2/16/2023 19:05:40,JSMN,,MILK,50%,100%,BOBA,tom,,TRUE,TRUE,
2/16/2023 19:05:53,JSMN,,MILK,50%,75%,BOBA,tom 3,,TRUE,TRUE,
2/16/2023 19:07:02,SPECIAL,,,,,BOBA,zoe - straw special,,TRUE,TRUE,
2/16/2023 19:08:55,DTYMTCH,,,,,,,,TRUE,TRUE,
2/16/2023 19:09:10,JSMN,MNGO,,50%,25%,LYCHEE,sadie,,TRUE,TRUE,
2/16/2023 19:09:44,JSMN,PSNFRT,,25%,75%,BOBA,lea,,TRUE,TRUE,
2/16/2023 19:09:58,JSMN,MNGO,,50%,25%,LYCHEE,sadie,,TRUE,TRUE,
2/16/2023 19:10:32,JSMN,"MNGO, PSNFRT",,75%,75%,LYCHEE,annika,,TRUE,TRUE,
2/16/2023 19:11:16,SPECIAL,,,,,BOBA,tara - straw oat,,TRUE,TRUE,
2/16/2023 19:13:08,JSMN,PCH,,50%,25%,BOBA,sophia,,TRUE,TRUE,
2/16/2023 19:13:15,SPECIAL,,,,,BOBA,hannah - straw oat,,TRUE,TRUE,
2/16/2023 19:13:58,SPECIAL,,,,,BOBA,essi - straw oat,,TRUE,TRUE,
2/16/2023 19:14:40,TARO,,MILK,,100%,BOBA,diana,,TRUE,TRUE,
2/16/2023 19:15:45,THAI,,MILK,25%,100%,BOBA,harry,,TRUE,TRUE,
2/16/2023 19:17:05,SPECIAL,,,,,,sumi - straw oat,,TRUE,TRUE,
2/16/2023 19:17:51,OLNG,"HNY, PCH",,50%,50%,POPPIN,ally,,TRUE,TRUE,
2/16/2023 19:18:29,JSMN,"MNGO, PSNFRT",,25%,75%,BOBA,iram,,TRUE,TRUE,
2/16/2023 19:20:04,SPECIAL,,,,,BOBA,hana - straw oat,,TRUE,TRUE,
2/16/2023 19:21:13,TARO,,MILK,,75%,,helene,,TRUE,TRUE,
2/16/2023 19:21:40,TARO,,MILK,25%,100%,BOBA,kiara,,TRUE,TRUE,
2/16/2023 19:28:24,SPECIAL,,,25%,,BOBA,carlos - straw oat,,TRUE,TRUE,
2/16/2023 19:34:15,BLK,,MILK,25%,25%,BOBA,ru,,TRUE,TRUE,
2/16/2023 19:35:56,SPECIAL,,,,,BOBA,vanessa - straw oat,,TRUE,TRUE,
2/16/2023 19:41:23,BLK,ROSE,MILK,25%,25%,BOBA,cathy,,TRUE,TRUE,
2/16/2023 19:41:53,BLK,ROSE,MILK,75%,50%,BOBA,ale,,TRUE,TRUE,
2/16/2023 19:49:19,BLK,,MILK,75%,25%,BOBA,eshika ,,TRUE,TRUE,
2/16/2023 19:49:45,BLK,ROSE,MILK,75%,25%,BOBA,sannah,,TRUE,TRUE,
2/16/2023 19:52:31,THAI,,MILK,50%,75%,BOBA,ellie,,TRUE,TRUE,
2/16/2023 19:52:59,JSMN,LYCH,,100%,100%,"BOBA, LYCHEE",brooke,,TRUE,TRUE,
2/16/2023 19:53:40,OLNG,,MILK,75%,25%,LYCHEE,gabriella,,TRUE,TRUE,
2/16/2023 19:54:20,JSMN,WNTML,MILK,50%,75%,BOBA,lucy,,TRUE,TRUE,
2/16/2023 19:56:01,JSMN,WNTML,MILK,25%,25%,BOBA,anya,,TRUE,TRUE,
2/16/2023 19:56:21,TARO,,MILK,,100%,BOBA,hien,,TRUE,TRUE,
2/16/2023 19:56:31,TARO,,MILK,,100%,BOBA,ari,,TRUE,TRUE,
2/16/2023 19:57:29,JSMN,"MNGO, PSNFRT",,50%,75%,POPPIN,alex,,TRUE,TRUE,
2/16/2023 19:58:09,SPECIAL,,,,,,phyllis - straw oat,,TRUE,TRUE,
2/16/2023 20:01:42,,,MILK,0%,100%,,Kyle,,TRUE,TRUE,
2/16/2023 20:03:05,SPECIAL,,,,,BOBA,Alex - Strawberry Oat,,TRUE,TRUE,
2/16/2023 20:03:39,SPECIAL,,,,75%,BOBA,Emily,,TRUE,TRUE,
2/16/2023 20:04:14,JSMN,"MNGO, PSNFRT",,100%,100%,BOBA,Leo 1,,TRUE,TRUE,
2/16/2023 20:04:28,BSL,,MILK,,,BOBA,Leo 2,,TRUE,TRUE,
2/16/2023 20:07:31,OLNG,,,50%,,BOBA,Jillian 1,,TRUE,TRUE,
2/16/2023 20:08:07,TARO,,MILK,100%,100%,BOBA,Jillian 2,,TRUE,TRUE,
2/16/2023 20:08:58,BLK,,MILK,75%,75%,BOBA,Anna,,TRUE,TRUE,
2/16/2023 20:09:22,BLK,,MILK,50%,75%,BOBA,Jacky 2,,TRUE,TRUE,
2/16/2023 20:10:14,SPECIAL,,,,,BOBA,Lucia - straw oat,,TRUE,TRUE,
2/16/2023 20:11:02,MTCH,,MILK,,,BOBA,Diana,,TRUE,TRUE,
2/16/2023 20:11:32,JSMN,"MNGO, PSNFRT",,25%,25%,BOBA,alessio,,TRUE,TRUE,
2/16/2023 20:12:18,OLNG,,,50%,75%,,kate,,TRUE,TRUE,
2/16/2023 20:12:43,BSL,,MILK,,,BOBA,aru,,TRUE,TRUE,
2/16/2023 20:13:34,JSMN,,MILK,50%,50%,BOBA,inq,,TRUE,TRUE,
2/16/2023 20:14:04,JSMN,WNTML,MILK,50%,50%,BOBA,lee,,TRUE,TRUE,
2/16/2023 20:14:35,BLK,,MILK,100%,100%,BOBA,kiara,,TRUE,TRUE,
2/16/2023 20:14:55,BLK,,MILK,100%,100%,,kiara 2,,TRUE,TRUE,
2/16/2023 20:15:57,DTYMTCH,,Almond,,,BOBA,josh,,TRUE,TRUE,
2/16/2023 20:16:49,OLNG,"HNY, PCH",,100%,75%,BOBA,emma,,TRUE,TRUE,
2/16/2023 20:17:34,TARO,,MILK,,50%,BOBA,su,,TRUE,TRUE,
2/16/2023 20:18:06,OLNG,,MILK,0%,50%,,amy,,TRUE,TRUE,
2/16/2023 20:18:42,BLK,ROSE,MILK,50%,75%,LYCHEE,melina ,,TRUE,TRUE,
2/16/2023 20:19:10,SPECIAL,,,,,BOBA,melina straw oat,,TRUE,TRUE,
2/16/2023 20:20:06,JSMN,,MILK,25%,75%,BOBA,evelyn,,TRUE,TRUE,
2/16/2023 20:20:27,BLK,ROSE,MILK,50%,50%,BOBA,addie,,TRUE,TRUE,
2/16/2023 20:21:54,SPECIAL,,,,,,ella straw oat,,TRUE,TRUE,
2/16/2023 20:22:21,JSMN,"MNGO, PSNFRT",,50%,50%,BOBA,anna,,TRUE,TRUE,
2/16/2023 20:23:27,SPECIAL,,,,,BOBA,jeanette - wintrose,,TRUE,TRUE,
2/16/2023 20:24:06,SPECIAL,,,,,POPPIN,sage - wintrose,,TRUE,TRUE,
2/16/2023 20:24:54,SPECIAL,,,,,BOBA,vianca - straw oat,,TRUE,TRUE,
2/16/2023 20:25:29,MTCH,,Almond,,,BOBA,rosie,,TRUE,TRUE,
2/16/2023 20:26:00,THAI,,MILK,75%,75%,BOBA,stephanie,,TRUE,TRUE,
2/16/2023 20:26:59,TARO,,Soy,,25%,BOBA,daniella,,TRUE,TRUE,
2/16/2023 20:27:48,SPECIAL,,,,,"BOBA, LYCHEE",gordon - straw oat,,TRUE,TRUE,
2/16/2023 20:28:35,JSMN,,,100%,100%,,rory,,TRUE,TRUE,
2/16/2023 20:29:03,BLK,,MILK,75%,75%,BOBA,joelle,,TRUE,TRUE,
2/16/2023 20:30:05,JSMN,,MILK,75%,100%,"BOBA, LYCHEE",akosua,,TRUE,TRUE,
2/16/2023 20:30:57,BSL,,Oat,,,BOBA,ella less boba,,TRUE,TRUE,
2/16/2023 20:31:52,OLNG,"HNY, PCH",,100%,75%,BOBA,anais,,TRUE,TRUE,
2/16/2023 20:32:32,JSMN,"MNGO, PSNFRT",,25%,75%,LYCHEE,karen,,TRUE,TRUE,
2/16/2023 20:33:08,BLK,,,0%,50%,BOBA,jacinda,,TRUE,TRUE,
2/16/2023 20:33:53,SPECIAL,,,,,BOBA,jenny wintrose,,TRUE,TRUE,
2/16/2023 20:34:26,SPECIAL,,,,,BOBA,diana strawoat,,TRUE,TRUE,
2/16/2023 20:35:03,THAI,,MILK,0%,50%,BOBA,louis,,TRUE,TRUE,
2/16/2023 20:36:00,JSMN,PSNFRT,,25%,75%,"BOBA, POPPIN",andrew,,TRUE,TRUE,
2/16/2023 20:36:36,SPECIAL,,,,,BOBA,andrew straw oat ,,TRUE,TRUE,
2/16/2023 20:37:16,JSMN,,MILK,50%,50%,BOBA,taryn,,TRUE,TRUE,
2/16/2023 20:38:13,JSMN,,MILK,25%,100%,BOBA,katelyn,,TRUE,TRUE,
2/16/2023 20:38:49,TARO,,Oat,,75%,BOBA,maddie,,TRUE,TRUE,
2/16/2023 20:39:35,SPECIAL,,,,,BOBA,amelia straw oat,,TRUE,TRUE,
2/16/2023 20:40:37,SPECIAL,,,,,BOBA,angie straw oat,,TRUE,TRUE,
2/16/2023 20:41:53,SPECIAL,,,,,BOBA,niketa straw oat ,,TRUE,TRUE,
2/16/2023 20:42:25,OLNG,"KQ, PCH",,25%,25%,,isabelle,,TRUE,TRUE,
2/16/2023 20:43:03,JSMN,LYCH,,50%,50%,BOBA,elizabeth,,TRUE,TRUE,
2/16/2023 20:43:24,BLK,,MILK,50%,50%,"BOBA, LYCHEE",elizabeth 2,,TRUE,TRUE,
2/16/2023 20:44:06,SPECIAL,,,,,BOBA,ayesha wintrose,,TRUE,TRUE,
2/16/2023 20:44:24,SPECIAL,,,,,BOBA,ayesha wintrose ,,TRUE,TRUE,
2/16/2023 20:45:39,SPECIAL,,,50%,,BOBA,bob straw oat,,TRUE,TRUE,
2/16/2023 20:46:28,BSL,,MILK,,,BOBA,tanzila,,TRUE,TRUE,
2/16/2023 20:47:04,BSL,,MILK,,,BOBA,lena,,TRUE,TRUE,
2/16/2023 20:47:40,DTYMTCH,,,,,BOBA,ayesha,,TRUE,TRUE,
2/16/2023 20:48:36,SPECIAL,,,,,BOBA,lucienne strawoat,,TRUE,TRUE,
2/16/2023 20:49:11,JSMN,,MILK,50%,75%,BOBA,kevin,,TRUE,TRUE,
2/16/2023 20:49:53,OLNG,,MILK,50%,50%,BOBA,seh - ho,,TRUE,TRUE,
2/16/2023 20:50:44,JSMN,"KQ, LYCH",,25%,25%,BOBA,audrey,,TRUE,TRUE,
2/16/2023 20:51:19,JSMN,,MILK,50%,25%,BOBA,ann,,TRUE,TRUE,
2/16/2023 20:52:03,JSMN,"MNGO, PSNFRT",,50%,50%,POPPIN,eleanor,,TRUE,TRUE,
2/16/2023 20:52:43,OLNG,"KQ, LYCH",,25%,100%,"BOBA, LYCHEE",ella,,TRUE,TRUE,
2/16/2023 20:53:21,SPECIAL,,,,,BOBA,eshanya strawoat,,TRUE,TRUE,
2/16/2023 20:53:56,SPECIAL,,,,,POPPIN,sammy wintrose,,TRUE,TRUE,
2/16/2023 20:54:36,BSL,,Oat,,,BOBA,marissa,,TRUE,TRUE,
2/16/2023 20:55:21,BLK,"LYCH, PCH",,50%,75%,BOBA,jesse,,TRUE,TRUE,
2/16/2023 20:56:41,JSMN,PCH,,25%,,BOBA,sophia,,TRUE,TRUE,
2/16/2023 20:57:44,MTCH,,Oat,,,BOBA,kayla,,TRUE,TRUE,
2/16/2023 20:58:43,JSMN,"MNGO, PSNFRT",,0%,50%,LYCHEE,dean,,TRUE,TRUE,
2/16/2023 21:00:46,JSMN,"MNGO, PSNFRT",,50%,75%,LYCHEE,natalie,,TRUE,TRUE,
2/16/2023 21:01:52,JSMN,"KQ, LYCH",,50%,100%,LYCHEE,joya,,TRUE,TRUE,
2/16/2023 21:02:39,THAI,,MILK,25%,75%,LYCHEE,jada,,TRUE,TRUE,
2/16/2023 21:03:46,BLK,LYCH,,25%,50%,,leila,,TRUE,TRUE,
2/16/2023 21:04:20,JSMN,MNGO,,25%,50%,,leila 2 ,,TRUE,TRUE,
2/16/2023 21:04:51,BLK,ROSE,MILK,0%,100%,,sui,,TRUE,TRUE,
2/16/2023 21:05:58,JSMN,"MNGO, PSNFRT",,25%,25%,LYCHEE,amy,,TRUE,TRUE,
2/16/2023 21:07:24,OLNG,PSNFRT,,25%,50%,LYCHEE,mel,,TRUE,TRUE,
2/16/2023 21:08:48,SPECIAL,,,,,LYCHEE,hannah strawoat,,TRUE,TRUE,
2/16/2023 21:09:33,SPECIAL,,,,,LYCHEE,hannah wintrose,,TRUE,TRUE,
2/16/2023 21:09:53,SPECIAL,,,,,POPPIN,priscilla wintrose,,TRUE,TRUE,
2/16/2023 21:10:23,JSMN,"KQ, LYCH",,0%,50%,LYCHEE,katie,,TRUE,TRUE,
2/16/2023 21:11:07,SPECIAL,,,,,,emily wintrose,,TRUE,TRUE,
2/16/2023 21:11:46,JSMN,"KQ, PCH",,25%,25%,,serena,,TRUE,TRUE,
2/16/2023 21:12:16,BSL,,MILK,,,,tristan,,TRUE,TRUE,
2/16/2023 21:12:24,BSL,,MILK,,,,tristan 2,,TRUE,TRUE,
2/16/2023 21:13:26,JSMN,LYCH,,50%,50%,LYCHEE,ella,,TRUE,TRUE,
2/16/2023 21:14:34,THAI,,MILK,50%,50%,LYCHEE,dylan,,TRUE,TRUE,
2/16/2023 21:14:54,THAI,,MILK,50%,50%,LYCHEE,dylan 2,,TRUE,TRUE,
2/16/2023 21:15:43,SPECIAL,,,,,,jel strawoat,,TRUE,TRUE,
2/16/2023 21:16:15,BLK,LYCH,,100%,100%,LYCHEE,yunju,,TRUE,TRUE,
2/16/2023 21:16:55,BLK,LYCH,,75%,100%,LYCHEE,caleb,,TRUE,TRUE,
2/16/2023 21:20:54,BSL,,MILK,,,LYCHEE,Myles,,TRUE,TRUE,
2/16/2023 21:21:51,JSMN,"KQ, LYCH",,50%,50%,LYCHEE,Sarah ,,TRUE,TRUE,
2/16/2023 21:22:37,SPECIAL,,,,,LYCHEE,Ivy,,TRUE,TRUE,
2/16/2023 21:27:46,JSMN,"MNGO, PSNFRT",,50%,50%,,Amelia,,TRUE,TRUE,
2/16/2023 21:28:37,BLK,ROSE,MILK,100%,50%,,Sarah,,TRUE,TRUE,
2/16/2023 21:33:12,BLK,"LYCH, ROSE",,25%,25%,LYCHEE,Zora,,TRUE,TRUE,
2/16/2023 21:33:57,BLK,ROSE,MILK,25%,25%,POPPIN,Ulas,,TRUE,TRUE,
2/16/2023 21:34:25,OLNG,,MILK,0%,0%,LYCHEE, Serenat,,TRUE,TRUE,
2/16/2023 21:36:30,BLK,,MILK,0%,50%,,Nico,,TRUE,TRUE,
2/16/2023 21:36:48,SPECIAL,,,,,LYCHEE,Dave (straw),,TRUE,TRUE,
2/16/2023 21:37:13,SPECIAL,,,,,LYCHEE,Dave 2 (Straw),,TRUE,TRUE,
2/16/2023 21:38:13,SPECIAL,,,,,POPPIN,Isabella (straw),,TRUE,TRUE,
2/16/2023 21:40:02,JSMN,"ROSE, WNTML",,25%,50%,"LYCHEE, POPPIN",jenna,,TRUE,TRUE,
2/16/2023 21:42:33,JSMN,"ROSE, WNTML",,50%,75%,LYCHEE,sophia,,TRUE,TRUE,
2/16/2023 21:44:02,JSMN,"MNGO, PSNFRT",,25%,50%,POPPIN,shark!!!,,TRUE,TRUE,
2/16/2023 21:48:27,THAI,,MILK,50%,100%,POPPIN,Alexa,,TRUE,TRUE,
2/16/2023 21:52:21,SPECIAL,,,,,LYCHEE,Seohyeon (winterrose),,TRUE,TRUE,
2/21/2023 19:07:38,THAI,,MILK,50%,100%,BOBA,Brando ,,TRUE,TRUE,
2/21/2023 19:08:12,THAI,,MILK,25%,75%,BOBA,Jada,,TRUE,TRUE,
2/21/2023 19:08:58,JSMN,"MNGO, PSNFRT",,50%,50%,BOBA,Abi,,TRUE,TRUE,
2/21/2023 19:09:45,JSMN,,MILK,50%,50%,BOBA,Eunice ,,TRUE,TRUE,
2/21/2023 19:10:23,JSMN,WNTML,MILK,50%,25%,BOBA,sabrina ,,TRUE,TRUE,
2/21/2023 19:10:59,TARO,,Oat,50%,50%,BOBA,Dylan,,TRUE,TRUE,
2/21/2023 19:11:28,BLK,,MILK,25%,100%,BOBA,Jessica ,,TRUE,TRUE,
2/21/2023 19:12:32,BLK,PCH,,25%,50%,POPPIN,adi ,,TRUE,TRUE,
2/21/2023 19:13:44,BSL,,MILK,,,BOBA,Tara,,TRUE,TRUE,
2/21/2023 19:14:15,DTYMTCH,,MILK,,,BOBA,marcella ,,TRUE,TRUE,
2/21/2023 19:14:47,OLNG,,MILK,25%,75%,BOBA,Katrina ,,TRUE,TRUE,
2/21/2023 19:15:16,BSL,,MILK,,,BOBA,Vanessa ,,TRUE,TRUE,
2/21/2023 19:15:57,MTCH,,Oat,0%,,BOBA,Jenny ,,TRUE,TRUE,
2/21/2023 19:16:38,MTCH,,MILK,,,BOBA,sadie ,,TRUE,TRUE,
2/21/2023 19:17:18,JSMN,,MILK,25%,25%,BOBA,Rebecca ,,TRUE,TRUE,
2/21/2023 19:17:53,TARO,,MILK,50%,50%,BOBA,saru ,,TRUE,TRUE,
2/21/2023 19:18:26,BLK,,MILK,50%,,BOBA,Kiara ,,TRUE,TRUE,
2/21/2023 19:21:09,THAI,,MILK,25%,50%,BOBA,Duffy ,,TRUE,TRUE,
2/21/2023 19:22:17,OLNG,,MILK,25%,100%,BOBA,Leslie ,,TRUE,TRUE,
2/21/2023 19:23:15,TARO,,MILK,25%,50%,BOBA,Sultan ,,TRUE,TRUE,
2/21/2023 19:23:42,BSL,,MILK,,,BOBA,Sarah ,,TRUE,TRUE,
2/21/2023 19:24:32,JSMN,"KQ, LYCH",,25%,50%,LYCHEE,sydney ,,TRUE,TRUE,
2/21/2023 19:25:10,JSMN,WNTML,MILK,50%,75%,BOBA,Ruthie 1,,TRUE,TRUE,
2/21/2023 19:25:41,OLNG,,MILK,50%,75%,BOBA,Ruthie 2,,TRUE,TRUE,
2/21/2023 19:26:38,BLK,,MILK,25%,75%,BOBA,Zuriel,,TRUE,TRUE,
2/21/2023 19:28:40,JSMN,,MILK,25%,100%,BOBA,Kylie ,,TRUE,TRUE,
2/21/2023 19:29:16,JSMN,WNTML,MILK,25%,75%,BOBA,Nia ,,TRUE,TRUE,
2/21/2023 19:29:46,THAI,,MILK,0%,100%,BOBA,Sean ,,TRUE,TRUE,
2/21/2023 19:30:54,JSMN,"MNGO, PSNFRT",,50%,100%,LYCHEE,Jeff ,,TRUE,TRUE,
2/21/2023 19:31:26,JSMN,"MNGO, PSNFRT",,25%,50%,BOBA,Matt ,,TRUE,TRUE,
2/21/2023 19:32:34,JSMN,"MNGO, PSNFRT",,25%,100%,LYCHEE,Aria,,TRUE,TRUE,
2/21/2023 19:33:12,JSMN,"MNGO, PSNFRT",,50%,100%,BOBA,Reema ,,TRUE,TRUE,
2/21/2023 19:34:23,JSMN,"MNGO, PSNFRT",,50%,50%,BOBA,lucy ,,TRUE,TRUE,
2/21/2023 19:34:59,OLNG,"HNY, PCH",,50%,50%,POPPIN,Aviva ,,TRUE,TRUE,
2/21/2023 19:38:20,BSL,,MILK,,,BOBA,Leo ,,TRUE,TRUE,
2/21/2023 19:38:57,BSL,,Almond,,,BOBA,Alexa,,TRUE,TRUE,
2/21/2023 19:42:00,BLK,ROSE,MILK,25%,50%,BOBA,Icy ,,TRUE,TRUE,
2/21/2023 19:43:03,JSMN,,MILK,50%,50%,BOBA,Max,,TRUE,TRUE,
2/21/2023 19:45:24,BLK,ROSE,MILK,50%,50%,BOBA,Joey ,,TRUE,TRUE,
2/21/2023 19:46:01,BSL,,Soy,,,BOBA,Melissa ,,TRUE,TRUE,
2/21/2023 19:46:50,JSMN,"LYCH, PCH",,25%,25%,BOBA,Zora ,,TRUE,TRUE,
2/21/2023 19:47:46,JSMN,"MNGO, PCH",,25%,75%,BOBA,Jack ,,TRUE,TRUE,
2/21/2023 19:48:19,BLK,,MILK,25%,75%,BOBA,Jacky,,TRUE,TRUE,
2/21/2023 19:50:03,JSMN,PCH,,50%,50%,BOBA,Sophia - extra boba ,,TRUE,TRUE,
2/21/2023 19:50:37,JSMN,"MNGO, PSNFRT",,25%,25%,BOBA,Ella ,,TRUE,TRUE,
2/21/2023 19:52:30,JSMN,LYCH,,0%,50%,"LYCHEE, POPPIN",Grace ,,TRUE,TRUE,
2/21/2023 19:54:22,THAI,,MILK,25%,100%,BOBA,Zyad ,,TRUE,TRUE,
2/21/2023 19:56:54,BLK,ROSE,MILK,0%,25%,BOBA,adina ,,TRUE,TRUE,
2/21/2023 19:57:35,BSL,,MILK,,,BOBA,simone ,,TRUE,TRUE,
2/21/2023 20:01:53,BSL,,MILK,,,BOBA,ZOE,,TRUE,TRUE,
2/21/2023 20:02:32,BLK,ROSE,MILK,50%,25%,BOBA,KAITLYN,,TRUE,TRUE,
2/21/2023 20:03:08,JSMN,,MILK,25%,25%,LYCHEE,Carter,,TRUE,TRUE,
2/21/2023 20:04:27,JSMN,"MNGO, PSNFRT",,25%,50%,LYCHEE,Verna,,TRUE,TRUE,
2/21/2023 20:05:04,BLK,ROSE,MILK,50%,50%,BOBA,Oliver,,TRUE,TRUE,
2/21/2023 20:05:35,JSMN,MNGO,,75%,75%,BOBA,Mya,,TRUE,TRUE,
2/21/2023 20:05:55,THAI,,MILK,25%,75%,BOBA,Hadley 1,,TRUE,TRUE,
2/21/2023 20:06:19,BSL,,MILK,,,BOBA,Hadley 2,,TRUE,TRUE,
2/21/2023 20:06:50,TARO,,Oat,50%,50%,BOBA,Isabella,,TRUE,TRUE,
2/21/2023 20:09:12,BLK,,MILK,0%,100%,BOBA,Maggie,,TRUE,TRUE,
2/21/2023 20:11:00,TARO,,MILK,100%,100%,BOBA,Jessie 1,,TRUE,TRUE,
2/21/2023 20:11:27,BSL,,MILK,,,BOBA,Jessie 2,,TRUE,TRUE,
2/21/2023 20:13:43,OLNG,"HNY, PCH",,50%,100%,LYCHEE,Jeremy,,TRUE,TRUE,
2/21/2023 20:15:08,BLK,,MILK,50%,50%,BOBA,Cem,,TRUE,TRUE,
2/21/2023 20:16:34,OLNG,"HNY, PCH",,50%,50%,LYCHEE,Claire,,TRUE,TRUE,
2/21/2023 20:17:19,BLK,PCH,,25%,75%,BOBA,Kayla,,TRUE,TRUE,
2/21/2023 20:18:01,JSMN,,MILK,50%,50%,BOBA,Lee,,TRUE,TRUE,
2/21/2023 20:19:01,JSMN,WNTML,MILK,25%,100%,BOBA,REGULAR MILK diana,,TRUE,TRUE,
2/21/2023 20:23:15,TARO,,MILK,50%,75%,BOBA,Maddie,,TRUE,TRUE,
2/21/2023 20:30:05,BLK,LYCH,,25%,25%,"BOBA, LYCHEE",nicole,,TRUE,TRUE,
2/21/2023 20:31:15,THAI,,MILK,50%,75%,BOBA,ellie,,TRUE,TRUE,
2/21/2023 20:32:00,BSL,,MILK,,,BOBA,mia,,TRUE,TRUE,
2/21/2023 20:32:47,MTCH,,Soy,,,BOBA,ava,,TRUE,TRUE,
2/21/2023 20:33:48,MTCH,,Oat,,,BOBA,camille,,TRUE,TRUE,
2/21/2023 20:35:18,MTCH,,Oat,,,BOBA,asha,,TRUE,TRUE,
2/21/2023 20:36:34,JSMN,PCH,,75%,100%,"BOBA, LYCHEE",brooke,,TRUE,TRUE,
2/21/2023 20:37:29,JSMN,"MNGO, PSNFRT",,50%,50%,BOBA,patricia,,TRUE,TRUE,
2/21/2023 20:38:16,THAI,,MILK,50%,50%,BOBA,gabriella,,TRUE,TRUE,
2/21/2023 20:38:47,TARO,,MILK,,50%,BOBA,eli,,TRUE,TRUE,
2/21/2023 20:39:34,OLNG,"HNY, PCH",,50%,100%,BOBA,joya,,TRUE,TRUE,
2/21/2023 20:40:42,OLNG,MNGO,,25%,100%,BOBA,timothee chalamet,,TRUE,TRUE,
2/21/2023 20:41:30,THAI,,MILK,0%,50%,BOBA,nate,,TRUE,TRUE,
2/21/2023 20:42:12,THAI,,MILK,25%,50%,BOBA,stephanie,,TRUE,TRUE,
2/21/2023 20:43:48,THAI,,MILK,25%,50%,BOBA,evin,,TRUE,TRUE,
2/21/2023 20:44:55,OLNG,,MILK,75%,100%,,gaby,,TRUE,TRUE,
2/21/2023 20:45:24,BSL,,MILK,,,BOBA,camden,,TRUE,TRUE,
2/21/2023 20:49:22,BSL,,Oat,,,BOBA,sarah,,TRUE,TRUE,
2/21/2023 20:49:46,BSL,,Oat,,,BOBA,trinity,,TRUE,TRUE,
2/21/2023 20:52:14,OLNG,"HNY, PCH",,100%,50%,BOBA,emily,,TRUE,TRUE,
2/21/2023 20:52:55,JSMN,,MILK,0%,0%,BOBA,serenat,,TRUE,TRUE,
2/21/2023 20:53:41,BSL,,Oat,,,BOBA,alexei - add rose,,TRUE,TRUE,
2/21/2023 20:55:21,BSL,,Oat,,,BOBA,julianna,,TRUE,TRUE,
2/21/2023 20:56:14,OLNG,,MILK,50%,50%,BOBA,ella,,TRUE,TRUE,
2/21/2023 20:56:49,OLNG,,MILK,75%,25%,BOBA,amanda,,TRUE,TRUE,
2/21/2023 20:57:42,JSMN,WNTML,MILK,50%,50%,BOBA,seohyun,,TRUE,TRUE,
2/21/2023 20:58:23,JSMN,"MNGO, PSNFRT",,50%,50%,POPPIN,anya,,TRUE,TRUE,
2/21/2023 20:59:19,BLK,"LYCH, PCH",,50%,75%,BOBA,angie,,TRUE,TRUE,
2/21/2023 20:59:56,JSMN,WNTML,MILK,50%,50%,BOBA,amelia,,TRUE,TRUE,
2/21/2023 21:00:47,JSMN,"MNGO, PSNFRT",,50%,75%,BOBA,victoria,,TRUE,TRUE,
2/21/2023 21:01:18,JSMN,"MNGO, PSNFRT",,50%,75%,BOBA,marissa,,TRUE,TRUE,
2/21/2023 21:02:19,JSMN,"MNGO, PSNFRT",,75%,75%,BOBA,rachel,,TRUE,TRUE,
2/21/2023 21:03:02,THAI,,MILK,25%,50%,BOBA,,,TRUE,TRUE,
2/21/2023 21:03:48,JSMN,"MNGO, PSNFRT",,50%,75%,,reyna,,TRUE,TRUE,
2/21/2023 21:04:56,JSMN,"MNGO, PSNFRT",,50%,75%,LYCHEE,abby,,TRUE,TRUE,
2/21/2023 21:05:54,JSMN,"MNGO, PSNFRT",,50%,75%,,ananya,,TRUE,TRUE,
2/21/2023 21:06:17,JSMN,"KQ, LYCH",,50%,50%,LYCHEE,mila,,TRUE,TRUE,
2/21/2023 21:06:51,JSMN,"KQ, LYCH",,50%,50%,LYCHEE,sunny,,TRUE,TRUE,
2/21/2023 21:07:37,TARO,,MILK,,50%,BOBA,rosie,,TRUE,TRUE,
2/21/2023 21:08:25,JSMN,"MNGO, PSNFRT",,25%,25%,BOBA,alessio,,TRUE,TRUE,
2/21/2023 21:09:28,OLNG,"HNY, PCH",,25%,25%,BOBA,isaac,,TRUE,TRUE,
2/21/2023 21:10:47,DTYMTCH,,MILK,,,BOBA,sharon,,TRUE,TRUE,
2/21/2023 21:11:19,DTYMTCH,,MILK,,,BOBA,sharon 2,,TRUE,TRUE,
2/21/2023 21:12:31,DTYMTCH,,MILK,0%,,BOBA,donovan,,TRUE,TRUE,
2/21/2023 21:13:25,THAI,,MILK,0%,75%,BOBA,gunna,,TRUE,TRUE,
2/21/2023 21:14:05,BLK,,MILK,25%,25%,BOBA,rue,,TRUE,TRUE,
2/21/2023 21:14:36,TARO,,MILK,,50%,BOBA,alyssa,,TRUE,TRUE,
2/21/2023 21:15:10,BLK,,MILK,50%,50%,BOBA,jacob,,TRUE,TRUE,
2/21/2023 21:15:50,OLNG,,MILK,25%,50%,BOBA,lily,,TRUE,TRUE,
2/21/2023 21:16:25,OLNG,,MILK,25%,50%,BOBA,karin ,,TRUE,TRUE,
2/21/2023 21:16:54,OLNG,,MILK,25%,50%,BOBA,karin 2,,TRUE,TRUE,
2/21/2023 21:18:04,JSMN,"MNGO, PSNFRT",,25%,50%,BOBA,stephanie,,TRUE,TRUE,
2/21/2023 21:19:00,BLK,ROSE,MILK,25%,25%,BOBA,alex,,TRUE,TRUE,
2/21/2023 21:20:47,THAI,,MILK,50%,50%,BOBA,reese,,TRUE,TRUE,
2/21/2023 21:23:33,TARO,,Soy,,25%,BOBA,eloisa,,TRUE,TRUE,
2/21/2023 21:24:24,BLK,,MILK,75%,50%,BOBA,charlotte,,TRUE,TRUE,
2/21/2023 21:24:56,BLK,,MILK,0%,50%,,amy,,TRUE,TRUE,
2/21/2023 21:25:26,OLNG,"HNY, PCH",,25%,75%,LYCHEE,hana,,TRUE,TRUE,
2/21/2023 21:28:25,DTYMTCH,,MILK,,,BOBA,hannah ,,TRUE,TRUE,
2/21/2023 21:28:59,BLK,MNGO,,100%,100%,LYCHEE,hannah 2,,TRUE,TRUE,
2/23/2023 19:01:26,BLK,,MILK,25%,75%,BOBA,Jacky,,TRUE,TRUE,
2/23/2023 19:02:55,BSL,,MILK,,,BOBA,Addie,,TRUE,TRUE,
2/23/2023 19:03:54,BLK,ROSE,MILK,25%,100%,BOBA,Riaan,,TRUE,TRUE,
2/23/2023 19:04:15,THAI,,MILK,100%,100%,BOBA,Emily 1,,TRUE,TRUE,
2/23/2023 19:04:27,BSL,,MILK,,,BOBA,Emily 2,,TRUE,TRUE,
2/23/2023 19:12:48,JSMN,"KQ, PSNFRT",,50%,25%,BOBA,Mo,,TRUE,TRUE,
2/23/2023 19:13:19,JSMN,,MILK,0%,0%,"BOBA, LYCHEE",Mo 2,,TRUE,TRUE,
2/23/2023 19:14:28,JSMN,,MILK,0%,0%,LYCHEE,Sadie,,TRUE,TRUE,
2/23/2023 19:15:17,TARO,,MILK,50%,25%,,Richard,,TRUE,TRUE,
2/23/2023 19:18:45,BLK,ROSE,MILK,25%,50%,LYCHEE,Ana,,TRUE,TRUE,
2/23/2023 19:19:45,BLK,,MILK,100%,25%,BOBA,Ally,,TRUE,TRUE,
2/23/2023 19:21:01,BSL,,MILK,,,BOBA,Sarah,,TRUE,TRUE,
2/23/2023 19:23:08,JSMN,,MILK,100%,100%,LYCHEE,Shirley,,TRUE,TRUE,
2/23/2023 19:30:44,JSMN,ROSE,,50%,50%,BOBA,Lavi,,TRUE,TRUE,
2/23/2023 19:31:10,JSMN,PCH,,25%,25%,BOBA,Sophia,,TRUE,TRUE,
2/23/2023 19:35:05,THAI,,MILK,75%,75%,BOBA,Isara,,TRUE,TRUE,
2/23/2023 19:35:48,THAI,,MILK,50%,50%,BOBA,Eren,,TRUE,TRUE,
2/23/2023 19:36:57,MTCH,,Soy,50%,,BOBA,Jessica,,TRUE,TRUE,
2/23/2023 19:38:25,THAI,,MILK,25%,75%,BOBA,Taylor,,TRUE,TRUE,
2/23/2023 19:39:46,OLNG,PCH,,50%,25%,BOBA,Mel,,TRUE,TRUE,
2/23/2023 19:41:02,BLK,,MILK,25%,100%,BOBA,Hannah,,TRUE,TRUE,
2/23/2023 19:42:13,BSL,,MILK,,,BOBA,Tristan,,TRUE,TRUE,
2/23/2023 19:42:58,BLK,ROSE,Almond,75%,25%,BOBA,Sunna,,TRUE,TRUE,
2/23/2023 19:43:42,JSMN,"LYCH, MNGO, PCH",,50%,25%,BOBA,Ishika,,TRUE,TRUE,
2/23/2023 19:44:21,TARO,,MILK,50%,50%,BOBA,Joey,,TRUE,TRUE,
2/23/2023 19:45:10,DTYMTCH,,Soy,,,BOBA,Austin,,TRUE,TRUE,
2/23/2023 19:45:54,TARO,,Soy,100%,100%,BOBA,Andrea,,TRUE,TRUE,
2/23/2023 19:46:39,BSL,,MILK,,,BOBA,Helene,,TRUE,TRUE,
2/23/2023 19:47:13,THAI,,MILK,50%,100%,BOBA,Kiara,,TRUE,TRUE,
2/23/2023 19:47:45,OLNG,,MILK,50%,50%,LYCHEE,Claire,,TRUE,TRUE,
2/23/2023 19:48:29,BLK,,MILK,100%,50%,BOBA,Kiara,,TRUE,TRUE,
2/23/2023 19:49:30,THAI,,MILK,25%,75%,BOBA,Victoria 1,,TRUE,TRUE,
2/23/2023 19:49:52,TARO,,MILK,50%,50%,BOBA,Victoria 2,,TRUE,TRUE,
2/23/2023 19:52:05,BLK,ROSE,MILK,100%,100%,BOBA,Sasha,,TRUE,TRUE,
2/23/2023 19:52:31,BLK,,MILK,100%,100%,BOBA,Kiara 1,,TRUE,TRUE,
2/23/2023 19:52:43,BLK,,MILK,100%,100%,BOBA,Kiara 2,,TRUE,TRUE,
2/23/2023 19:58:56,THAI,,MILK,25%,50%,BOBA,Sabrina 1,,TRUE,TRUE,
2/23/2023 19:59:15,OLNG,,MILK,50%,75%,BOBA,Sabrina 2,,TRUE,TRUE,
2/23/2023 20:01:20,TARO,,Almond,75%,75%,BOBA,Giesle,,TRUE,TRUE,
2/23/2023 20:02:22,TARO,,Oat,50%,50%,BOBA,Rya,,TRUE,TRUE,
2/23/2023 20:03:04,JSMN,"KQ, LYCH",,50%,50%,BOBA,Anna (extra boba),,TRUE,TRUE,
2/23/2023 20:04:21,OLNG,,MILK,100%,25%,BOBA,Lea (extra boba),,TRUE,TRUE,
2/23/2023 20:05:41,BSL,,MILK,,,BOBA,Lilliana,,TRUE,TRUE,
2/23/2023 20:06:36,TARO,,Almond,50%,100%,BOBA,Sam 1,,TRUE,TRUE,
2/23/2023 20:07:10,JSMN,WNTML,,75%,75%,BOBA,Sam 2,,TRUE,TRUE,
2/23/2023 20:08:21,THAI,,MILK,50%,50%,BOBA,Ari,,TRUE,TRUE,
2/23/2023 20:09:03,JSMN,,MILK,0%,75%,"BOBA, LYCHEE",Sam 1 (whole milk),,TRUE,TRUE,
2/23/2023 20:09:30,BSL,,MILK,,,BOBA,Sam 2,,TRUE,TRUE,
2/23/2023 20:11:02,THAI,,MILK,25%,75%,BOBA,Rez,,TRUE,TRUE,
2/23/2023 20:11:44,BSL,,MILK,,,BOBA,Ali,,TRUE,TRUE,
2/23/2023 20:12:37,THAI,,MILK,25%,75%,BOBA,Esa 1,,TRUE,TRUE,
2/23/2023 20:13:04,OLNG,"HNY, PCH",,25%,75%,"BOBA, LYCHEE",Esa 2,,TRUE,TRUE,
2/23/2023 20:14:23,BSL,,Soy,,,BOBA,Luke,,TRUE,TRUE,
2/23/2023 20:15:02,THAI,,MILK,0%,100%,BOBA,Josh,,TRUE,TRUE,
2/23/2023 20:15:44,THAI,,MILK,50%,75%,BOBA,Anisa,,TRUE,TRUE,
2/23/2023 20:16:43,BSL,,MILK,25%,100%,BOBA,Bob,,TRUE,TRUE,
2/23/2023 20:17:31,DTYMTCH,,MILK,,,BOBA,Maral ,,TRUE,TRUE,
2/23/2023 20:18:36,JSMN,PCH,,50%,75%,POPPIN,Daniel,,TRUE,TRUE,
2/23/2023 20:19:39,BLK,ROSE,MILK,25%,75%,BOBA,Sridha,,TRUE,TRUE,
2/23/2023 20:20:21,JSMN,,MILK,50%,100%,"BOBA, LYCHEE",Anu,,TRUE,TRUE,
2/23/2023 20:21:13,JSMN,"KQ, LYCH",,0%,50%,BOBA,David,,TRUE,TRUE,
2/23/2023 20:21:48,JSMN,"KQ, LYCH",,0%,50%,BOBA,Alan,,TRUE,TRUE,
2/23/2023 20:22:34,JSMN,WNTML,,25%,25%,BOBA,Linda,,TRUE,TRUE,
2/23/2023 20:23:06,JSMN,WNTML,,25%,25%,BOBA,Alan,,TRUE,TRUE,
2/23/2023 20:23:59,JSMN,LYCH,,25%,25%,BOBA,Cade 1,,TRUE,TRUE,
2/23/2023 20:24:17,JSMN,WNTML,,25%,25%,BOBA,Cade 2,,TRUE,TRUE,
2/23/2023 20:25:14,BSL,,MILK,,,BOBA,Franklin 1,,TRUE,TRUE,
2/23/2023 20:25:27,TARO,,MILK,100%,75%,BOBA,Franklin 2,,TRUE,TRUE,
2/23/2023 20:26:25,JSMN,,MILK,0%,0%,BOBA,Serenat,,TRUE,TRUE,
2/23/2023 20:27:03,JSMN,,MILK,25%,50%,BOBA,Ulas,,TRUE,TRUE,
2/23/2023 20:27:47,BLK,,MILK,0%,50%,,Amy,,TRUE,TRUE,
2/23/2023 20:28:36,OLNG,"HNY, PCH",,25%,75%,LYCHEE,Hanah,,TRUE,TRUE,
2/23/2023 20:29:24,BLK,,,0%,50%,BOBA,Jacinda,,TRUE,TRUE,
2/23/2023 20:30:07,JSMN,"MNGO, PSNFRT",,100%,100%,BOBA,Lily,,TRUE,TRUE,
2/23/2023 20:31:05,TARO,,MILK,100%,75%,BOBA,Bella,,TRUE,TRUE,
2/23/2023 20:31:36,THAI,,MILK,100%,100%,BOBA,Maya,,TRUE,TRUE,
2/23/2023 20:32:24,JSMN,"MNGO, PSNFRT",,50%,75%,POPPIN,Kayla,,TRUE,TRUE,
2/23/2023 20:33:20,THAI,,MILK,0%,100%,BOBA,Echo 1,,TRUE,TRUE,
2/23/2023 20:33:47,TARO,,MILK,0%,100%,BOBA,Echo 2,,TRUE,TRUE,
2/23/2023 20:35:11,JSMN,MNGO,,25%,75%,BOBA,Iram,,TRUE,TRUE,
2/23/2023 20:35:49,THAI,,MILK,100%,100%,BOBA,Maggie,,TRUE,TRUE,
2/23/2023 20:36:39,JSMN,WNTML,MILK,25%,50%,BOBA,Eshanya,,TRUE,TRUE,
2/23/2023 20:37:22,BLK,ROSE,MILK,25%,50%,BOBA,Jing,,TRUE,TRUE,
2/23/2023 20:38:15,JSMN,MNGO,,0%,50%,BOBA,Anya,,TRUE,TRUE,
2/23/2023 20:39:01,MTCH,,Soy,,,BOBA,Sam 1,,TRUE,TRUE,
2/23/2023 20:39:12,MTCH,,MILK,,,BOBA,Sam 2,,TRUE,TRUE,
2/23/2023 20:40:05,MTCH,,MILK,,,BOBA,Will,,TRUE,TRUE,
2/23/2023 20:41:02,TARO,,Oat,100%,75%,,Simir,,TRUE,TRUE,
2/23/2023 20:41:41,TARO,,MILK,100%,75%,BOBA,Maddie,,TRUE,TRUE,
2/23/2023 20:42:38,TARO,,MILK,0%,50%,BOBA,Rosie,,TRUE,TRUE,
2/23/2023 20:43:34,JSMN,"MNGO, PSNFRT",,25%,25%,BOBA,Alessio,,TRUE,TRUE,
2/23/2023 20:44:26,TARO,,MILK,25%,100%,BOBA,Blessing,,TRUE,TRUE,
2/23/2023 20:46:14,JSMN,WNTML,MILK,100%,100%,BOBA,rediet,,TRUE,TRUE,
2/23/2023 20:46:37,THAI,,MILK,75%,100%,BOBA,noa,,TRUE,TRUE,
2/23/2023 20:47:40,BLK,ROSE,MILK,50%,50%,BOBA,addie,,TRUE,TRUE,
2/23/2023 20:48:44,OLNG,"PSNFRT, ROSE",,25%,75%,BOBA,evelyn,,TRUE,TRUE,
2/23/2023 20:49:58,JSMN,"MNGO, PSNFRT",,50%,50%,BOBA,anna,,TRUE,TRUE,
2/23/2023 20:50:46,JSMN,PCH,,50%,50%,,rory,,TRUE,TRUE,
2/23/2023 20:51:43,BLK,,MILK,75%,75%,BOBA,anna,,TRUE,TRUE,
2/23/2023 20:53:30,JSMN,"KQ, LYCH",,50%,50%,LYCHEE,brandon,,TRUE,TRUE,
2/23/2023 20:55:25,JSMN,ROSE,,0%,50%,LYCHEE,angel,,TRUE,TRUE,
2/23/2023 20:55:52,JSMN,"MNGO, PSNFRT",,25%,100%,POPPIN,brody,,TRUE,FALSE,
2/23/2023 20:57:07,DTYMTCH,,MILK,,,,kaitlyn,,TRUE,TRUE,
2/23/2023 20:57:40,JSMN,"LYCH, PSNFRT, PCH",,25%,75%,,kaitlyn 2,,TRUE,FALSE,
2/23/2023 20:58:38,JSMN,"KQ, LYCH",,75%,50%,LYCHEE,sarah,,TRUE,TRUE,
2/23/2023 20:59:28,BSL,,MILK,,,LYCHEE,emily,,TRUE,TRUE,
2/23/2023 21:00:11,BSL,,MILK,,,,ari,,TRUE,TRUE,
2/23/2023 21:01:40,OLNG,"HNY, PCH",,,,POPPIN,sammy,,TRUE,TRUE,
2/23/2023 21:02:44,OLNG,LYCH,,25%,50%,LYCHEE,emma,,TRUE,TRUE,
2/23/2023 21:03:18,OLNG,"HNY, PCH",,25%,75%,POPPIN,nicole,,TRUE,TRUE,
2/23/2023 21:04:03,OLNG,"KQ, LYCH",,25%,50%,LYCHEE,nicole 2,,TRUE,TRUE,
2/23/2023 21:04:53,BLK,ROSE,MILK,25%,25%,BOBA,jazz,,TRUE,TRUE,
2/23/2023 21:05:47,BSL,,MILK,,,,anissa,,TRUE,TRUE,
2/23/2023 21:06:27,JSMN,PSNFRT,,0%,25%,LYCHEE,anissa 2,,TRUE,TRUE,
2/23/2023 21:06:44,JSMN,PSNFRT,,0%,25%,,anissa 3,,TRUE,TRUE,
2/23/2023 21:07:05,OLNG,"HNY, PCH",,50%,50%,LYCHEE,anissa 4,,TRUE,TRUE,
2/23/2023 21:07:35,JSMN,ROSE,,0%,50%,,anissa 5,,TRUE,TRUE,
2/23/2023 21:08:56,THAI,,MILK,50%,50%,,jacob,,TRUE,TRUE,
2/23/2023 21:09:39,JSMN,"KQ, LYCH",,100%,100%,,jesse,,TRUE,TRUE,
2/23/2023 21:10:04,BSL,,MILK,,,,leo,,TRUE,TRUE,
2/23/2023 21:11:25,JSMN,WNTML,MILK,100%,50%,,victoria,,TRUE,TRUE,
2/23/2023 21:11:47,JSMN,WNTML,MILK,50%,75%,LYCHEE,caleb,,TRUE,TRUE,
2/23/2023 21:12:40,JSMN,"MNGO, PSNFRT",,25%,75%,POPPIN,tristan,,TRUE,TRUE,
2/23/2023 21:13:24,OLNG,,MILK,0%,0%,LYCHEE,sarah,,TRUE,TRUE,
2/23/2023 21:13:59,JSMN,WNTML,MILK,50%,75%,LYCHEE,maddy,,TRUE,TRUE,
2/23/2023 21:14:33,TARO,,MILK,,25%,,christina,,TRUE,TRUE,
2/23/2023 21:21:41,OLNG,,MILK,25%,25%,POPPIN,shurui,,TRUE,TRUE,
2/23/2023 21:22:16,BLK,ROSE,MILK,50%,50%,LYCHEE,gina,,TRUE,TRUE,
2/23/2023 21:23:07,THAI,,MILK,25%,50%,,stephanie,,TRUE,TRUE,
2/23/2023 21:24:43,JSMN,"MNGO, PSNFRT",,0%,50%,,anika,,TRUE,TRUE,
2/23/2023 21:25:41,TARO,,,,75%,,ronny,,TRUE,TRUE,
2/23/2023 21:30:06,BLK,ROSE,MILK,50%,50%,LYCHEE,candy,,TRUE,TRUE,
2/23/2023 21:30:36,TARO,,MILK,,75%,POPPIN,brenda,,TRUE,TRUE,
2/23/2023 21:32:51,JSMN,"MNGO, PSNFRT",,50%,75%,LYCHEE,Mariana,,TRUE,TRUE,
2/23/2023 21:33:22,JSMN,"MNGO, PSNFRT",,25%,75%,LYCHEE,Bianca,,TRUE,TRUE,
2/23/2023 21:34:35,JSMN,"KQ, LYCH",,100%,50%,LYCHEE,Gerrit (TSL),,TRUE,TRUE,
2/23/2023 21:35:24,JSMN,"MNGO, PSNFRT",,100%,25%,POPPIN,Hannah (TSL),,TRUE,TRUE,
2/23/2023 21:35:46,BLK,PSNFRT,,100%,25%,POPPIN,Emma (TSL),,TRUE,TRUE,
2/23/2023 21:36:22,OLNG,"HNY, PCH",,50%,50%,POPPIN,Jenna (TSL),,TRUE,TRUE,
2/23/2023 21:37:11,JSMN,WNTML,,100%,50%,LYCHEE,Bella (TSL),,TRUE,TRUE,
2/23/2023 21:37:48,OLNG,LYCH,,100%,100%,LYCHEE,Sarah (TSL),,TRUE,TRUE,
2/23/2023 21:38:23,BLK,PSNFRT,,100%,100%,POPPIN,Max (TSL),,TRUE,TRUE,
2/23/2023 21:39:04,JSMN,"KQ, LYCH",,50%,100%,LYCHEE,Mars (Extra lychee),,TRUE,TRUE,
2/23/2023 21:43:55,JSMN,"MNGO, PSNFRT",,100%,100%,POPPIN,Sienna,,TRUE,TRUE,
2/23/2023 21:45:13,BLK,ROSE,MILK,0%,100%,,Sui,,TRUE,TRUE,
2/23/2023 21:46:10,BLK,ROSE,MILK,0%,100%,LYCHEE,Nisha,,TRUE,TRUE,
2/23/2023 21:47:06,JSMN,"MNGO, PSNFRT",,25%,50%,LYCHEE,David,,TRUE,TRUE,
2/23/2023 21:47:48,JSMN,"MNGO, PSNFRT",,50%,50%,LYCHEE,Angela,,TRUE,TRUE,
2/28/2023 19:05:53,TARO,,Oat,0%,0%,BOBA,Ali,,TRUE,TRUE,
2/28/2023 19:06:53,JSMN,"KQ, LYCH",,0%,25%,BOBA,Julie,,TRUE,TRUE,
2/28/2023 19:07:19,JSMN,WNTML,MILK,100%,100%,,Hannah,,TRUE,TRUE,
2/28/2023 19:09:12,JSMN,LYCH,,50%,25%,BOBA,extra boba Sofia,,TRUE,TRUE,
2/28/2023 19:09:53,BLK,,MILK,25%,25%,BOBA,Ru,,TRUE,TRUE,
2/28/2023 19:11:33,DTYMTCH,,MILK,,,LYCHEE,Dante,,TRUE,TRUE,
2/28/2023 19:16:18,MTCH,,MILK,,,BOBA,Bella,,TRUE,TRUE,
2/28/2023 19:17:14,BLK,LYCH,,25%,25%,BOBA,Kiera,,TRUE,TRUE,
2/28/2023 19:17:41,OLNG,"HNY, PCH",,25%,50%,LYCHEE,Emrys,,TRUE,TRUE,
2/28/2023 19:18:26,OLNG,"HNY, PCH",,50%,75%,BOBA,Esteban,,TRUE,TRUE,
2/28/2023 19:19:45,JSMN,,MILK,50%,25%,BOBA,Abby,,TRUE,TRUE,
2/28/2023 19:20:09,JSMN,PSNFRT,,50%,25%,BOBA,Eunice,,TRUE,TRUE,
2/28/2023 19:21:02,OLNG,,MILK,50%,75%,BOBA,Ruthie 1,,TRUE,TRUE,
2/28/2023 19:21:24,BSL,,MILK,,,BOBA,Ruthie 2,,TRUE,TRUE,
2/28/2023 19:21:51,JSMN,,MILK,0%,50%,"BOBA, LYCHEE",Samika,,TRUE,TRUE,
2/28/2023 19:23:05,BSL,,MILK,,,BOBA,Adhi,,TRUE,TRUE,
2/28/2023 19:24:21,OLNG,"HNY, PCH",,25%,25%,BOBA,Glen,,TRUE,TRUE,
2/28/2023 19:24:44,THAI,,MILK,25%,100%,BOBA,jessica,,TRUE,TRUE,
2/28/2023 19:25:03,JSMN,,MILK,50%,50%,BOBA,Carlin,,TRUE,TRUE,
2/28/2023 19:25:51,JSMN,"MNGO, PSNFRT",,25%,50%,BOBA,Paloma,,TRUE,TRUE,
2/28/2023 19:26:30,TARO,,MILK,25%,100%,BOBA,Blessing,,TRUE,TRUE,
2/28/2023 19:28:33,THAI,,MILK,50%,100%,BOBA,lenny,,TRUE,TRUE,
2/28/2023 19:32:09,BLK,,MILK,0%,50%,BOBA,Kahan,,TRUE,TRUE,
2/28/2023 19:36:01,JSMN,WNTML,MILK,25%,50%,BOBA,William,,TRUE,TRUE,
2/28/2023 19:36:33,THAI,,MILK,25%,100%,BOBA,Extra boba Omaru,,TRUE,TRUE,
2/28/2023 19:37:39,JSMN,"KQ, LYCH",,25%,25%,LYCHEE,Richard,,TRUE,TRUE,
2/28/2023 19:38:27,JSMN,WNTML,MILK,25%,50%,BOBA,Seohyeon,,TRUE,TRUE,
2/28/2023 19:40:02,BSL,,Soy,,,BOBA,Camille,,TRUE,TRUE,
2/28/2023 19:40:26,MTCH,,Soy,,,BOBA,Ava  (less boba bc she is mean),,TRUE,TRUE,
2/28/2023 19:41:14,MTCH,,Soy,,,BOBA,Asha,,TRUE,TRUE,
2/28/2023 19:42:31,TARO,,Oat,25%,50%,BOBA,Trinity,,TRUE,TRUE,
2/28/2023 19:43:43,TARO,,Oat,25%,50%,BOBA,Alex,,TRUE,TRUE,
2/28/2023 19:44:25,OLNG,"HNY, PCH",,0%,50%,"BOBA, POPPIN",Jojo 1,,TRUE,TRUE,
2/28/2023 19:46:07,JSMN,,MILK,50%,75%,BOBA,Jojo 2,,TRUE,TRUE,
2/28/2023 19:47:09,JSMN,,MILK,25%,75%,BOBA,kaitlin,,TRUE,TRUE,
2/28/2023 19:47:51,BSL,,MILK,,,BOBA,SAM,,TRUE,TRUE,
2/28/2023 19:49:54,BLK,,MILK,50%,50%,BOBA,Ella,,TRUE,TRUE,
2/28/2023 19:50:16,BLK,,MILK,50%,50%,"BOBA, LYCHEE",Elizabeth,,TRUE,TRUE,
2/28/2023 19:50:55,MTCH,,MILK,,,BOBA,Camille,,TRUE,TRUE,
2/28/2023 19:51:56,BLK,MNGO,,0%,50%,BOBA,Zheous,,TRUE,TRUE,
2/28/2023 19:52:21,JSMN,WNTML,MILK,50%,50%,BOBA,Vivian 1,,TRUE,TRUE,
2/28/2023 19:52:40,JSMN,,MILK,50%,50%,BOBA,Vivian 2,,TRUE,TRUE,
2/28/2023 19:53:41,BSL,,MILK,25%,,BOBA,Leo,,TRUE,TRUE,
2/28/2023 19:54:04,MTCH,,MILK,0%,,BOBA,Hannah,,TRUE,TRUE,
2/28/2023 19:55:08,JSMN,WNTML,MILK,50%,50%,BOBA,lauren,,TRUE,TRUE,
2/28/2023 19:56:45,THAI,,MILK,50%,50%,BOBA,Stepahnie,,TRUE,TRUE,
2/28/2023 19:57:14,OLNG,,MILK,0%,50%,BOBA,Nate,,TRUE,TRUE,
2/28/2023 19:58:03,BLK,,MILK,50%,50%,BOBA,Chiara,,TRUE,TRUE,
2/28/2023 19:59:27,BLK,,MILK,25%,75%,BOBA,Jackie,,TRUE,TRUE,
2/28/2023 19:59:59,TARO,,MILK,0%,75%,BOBA,Melinda,,TRUE,TRUE,
2/28/2023 20:01:35,BLK,ROSE,MILK,0%,75%,BOBA,Khairat (extra boba),,TRUE,TRUE,
2/28/2023 20:02:10,THAI,,MILK,100%,50%,BOBA,Irene,,TRUE,TRUE,
2/28/2023 20:02:49,BLK,,MILK,100%,100%,BOBA,Anisa,,TRUE,TRUE,
2/28/2023 20:03:46,JSMN,"MNGO, PSNFRT",,50%,75%,BOBA,Mariana,,TRUE,TRUE,
2/28/2023 20:04:18,TARO,,MILK,25%,50%,BOBA,Jenny,,TRUE,TRUE,
2/28/2023 20:05:02,MTCH,,MILK,100%,50%,,Eliana,,TRUE,TRUE,
2/28/2023 20:05:33,OLNG,,MILK,100%,100%,BOBA,Michael,,TRUE,TRUE,
2/28/2023 20:06:44,OLNG,"LYCH, PSNFRT, PCH",,25%,75%,POPPIN,Kaitlin,,TRUE,TRUE,
2/28/2023 20:07:46,BLK,,MILK,50%,100%,BOBA,Yunju,,TRUE,TRUE,
2/28/2023 20:08:27,THAI,,MILK,50%,75%,BOBA,Caleb,,TRUE,TRUE,
2/28/2023 20:09:07,BLK,,MILK,25%,75%,BOBA,Anna 1,,TRUE,TRUE,
2/28/2023 20:09:39,THAI,,MILK,50%,50%,BOBA,Anna 2,,TRUE,TRUE,
2/28/2023 20:10:09,JSMN,PCH,,0%,50%,LYCHEE,Anna 3,,TRUE,TRUE,
2/28/2023 20:11:21,BLK,ROSE,MILK,25%,25%,BOBA,Brandon,,TRUE,TRUE,
2/28/2023 20:11:53,BSL,,Soy,0%,100%,BOBA,Luke,,TRUE,TRUE,
2/28/2023 20:12:30,BSL,,MILK,0%,100%,BOBA,Luke 2,,TRUE,TRUE,
2/28/2023 20:13:17,THAI,,MILK,25%,50%,BOBA,Joe,,TRUE,TRUE,
2/28/2023 20:13:53,BLK,ROSE,MILK,25%,25%,BOBA,Alex,,TRUE,TRUE,
2/28/2023 20:14:38,,,,,,BOBA,Stephanie (Fuck it bucket),,TRUE,TRUE,
2/28/2023 20:15:23,JSMN,"MNGO, PSNFRT",,25%,50%,BOBA,Stephanie 2,,TRUE,TRUE,
2/28/2023 20:16:08,THAI,,MILK,50%,50%,BOBA,Allan,,TRUE,TRUE,
2/28/2023 20:16:53,THAI,,MILK,100%,25%,BOBA,Amanda ,,TRUE,TRUE,
2/28/2023 20:17:30,THAI,,MILK,50%,75%,BOBA,Taylor,,TRUE,TRUE,
2/28/2023 20:18:10,MTCH,,MILK,75%,100%,BOBA,Guy,,TRUE,TRUE,
2/28/2023 20:18:49,JSMN,PSNFRT,,25%,50%,LYCHEE,Dave,,TRUE,TRUE,
2/28/2023 20:19:25,JSMN,PSNFRT,,0%,50%,"LYCHEE, POPPIN",Grace,,TRUE,TRUE,
2/28/2023 20:20:14,JSMN,WNTML,,50%,100%,BOBA,Allen,,TRUE,TRUE,
2/28/2023 20:21:31,TARO,,MILK,100%,100%,BOBA,Kiara,,TRUE,TRUE,
2/28/2023 20:23:13,DTYMTCH,,MILK,75%,100%,BOBA,Leo,,TRUE,TRUE,
2/28/2023 20:24:04,JSMN,WNTML,MILK,100%,100%,BOBA,Oliver,,TRUE,TRUE,
2/28/2023 20:25:56,THAI,,MILK,50%,50%,BOBA,Christian,,TRUE,TRUE,
2/28/2023 20:26:28,BLK,,MILK,75%,75%,BOBA,Lauren,,TRUE,TRUE,
2/28/2023 20:27:07,JSMN,"MNGO, PSNFRT",,0%,50%,BOBA,Jenny,,TRUE,TRUE,
2/28/2023 20:27:59,DTYMTCH,,Oat,100%,100%,,Ryan,,TRUE,TRUE,
2/28/2023 20:28:32,JSMN,WNTML,MILK,0%,25%,,Amy,,TRUE,TRUE,
2/28/2023 20:29:20,JSMN,WNTML,MILK,100%,50%,BOBA,Victoria,,TRUE,TRUE,
2/28/2023 20:30:24,JSMN,KQ,,50%,25%,BOBA,Sophia (extra boba),,TRUE,TRUE,
2/28/2023 20:30:53,JSMN,,MILK,0%,0%,BOBA,Serenat,,TRUE,TRUE,
2/28/2023 20:31:48,JSMN,"KQ, LYCH",,100%,100%,LYCHEE,Gabby,,TRUE,TRUE,
2/28/2023 20:33:47,BLK,PCH,,25%,25%,"BOBA, LYCHEE",Nicole,,TRUE,TRUE,
2/28/2023 20:34:13,OLNG,,MILK,50%,25%,BOBA,riya,,TRUE,TRUE,
2/28/2023 20:34:46,OLNG,,MILK,50%,50%,BOBA,charlotte,,TRUE,TRUE,
2/28/2023 20:35:25,OLNG,"HNY, PCH",,50%,75%,BOBA,emrys,,TRUE,TRUE,
2/28/2023 20:35:47,JSMN,,MILK,50%,50%,BOBA,bella,,TRUE,TRUE,
2/28/2023 20:36:44,TARO,,MILK,,75%,BOBA,maddie,,TRUE,TRUE,
2/28/2023 20:37:55,THAI,,MILK,50%,50%,BOBA,ic,,TRUE,TRUE,
2/28/2023 20:38:24,MTCH,,MILK,,,BOBA,mai,,TRUE,TRUE,
2/28/2023 20:41:22,BSL,,Oat,,,BOBA,jose,,TRUE,TRUE,
2/28/2023 20:41:44,JSMN,,MILK,75%,100%,BOBA,jose 2,,TRUE,TRUE,
2/28/2023 20:43:33,OLNG,"HNY, PCH",,25%,75%,LYCHEE,hanah,,TRUE,TRUE,
2/28/2023 20:45:05,BLK,PCH,,25%,75%,BOBA,iram,,TRUE,TRUE,
2/28/2023 20:46:14,OLNG,,MILK,25%,75%,BOBA,diana,,TRUE,TRUE,
2/28/2023 20:48:01,TARO,,MILK,,50%,BOBA,sammy,,TRUE,TRUE,
2/28/2023 20:48:43,JSMN,PSNFRT,,25%,50%,BOBA,emma,,TRUE,TRUE,
2/28/2023 20:49:35,DTYMTCH,,Oat,,,,katie,,TRUE,TRUE,
2/28/2023 20:50:00,JSMN,,MILK,50%,50%,BOBA,andy,,TRUE,TRUE,
2/28/2023 20:51:10,BLK,ROSE,MILK,75%,50%,LYCHEE,sumi,,TRUE,TRUE,
2/28/2023 20:51:56,BSL,,MILK,,,BOBA,katie ,,TRUE,TRUE,
2/28/2023 20:52:12,BSL,,MILK,,,BOBA,katie 2,,TRUE,TRUE,
2/28/2023 20:52:37,THAI,,MILK,25%,50%,BOBA,katie 3,,TRUE,TRUE,
2/28/2023 20:55:08,OLNG,,MILK,25%,50%,BOBA,fay,,TRUE,TRUE,
2/28/2023 20:55:52,JSMN,PSNFRT,,50%,50%,BOBA,fay 2,,TRUE,TRUE,
2/28/2023 20:56:38,DTYMTCH,,MILK,,,BOBA,marcella,,TRUE,TRUE,
2/28/2023 20:57:26,BSL,,MILK,,,BOBA,vanessa,,TRUE,TRUE,
2/28/2023 20:57:54,THAI,,MILK,75%,75%,BOBA,vanessa 2,,TRUE,TRUE,
2/28/2023 20:58:37,THAI,,MILK,25%,75%,BOBA,katrina,,TRUE,TRUE,
2/28/2023 21:04:40,TARO,,MILK,50%,50%,BOBA,essi,,TRUE,TRUE,
2/28/2023 21:08:07,JSMN,,MILK,,25%,BOBA,matt,,TRUE,TRUE,
2/28/2023 21:12:14,BLK,,MILK,0%,100%,"BOBA, LYCHEE",gordon,,TRUE,TRUE,
2/28/2023 21:14:10,BSL,,MILK,,,BOBA,lily,,TRUE,TRUE,
2/28/2023 21:16:47,TARO,,Oat,50%,50%,BOBA,michele,,TRUE,TRUE,
2/28/2023 21:17:02,,,,,,,sam fuckit bucket,,TRUE,TRUE,
2/28/2023 21:18:13,JSMN,WNTML,MILK,75%,75%,,trisha,,TRUE,TRUE,
2/28/2023 21:19:48,BLK,ROSE,MILK,50%,25%,BOBA,christina,,TRUE,TRUE,
2/28/2023 21:20:28,BLK,,MILK,0%,100%,POPPIN,sarah,,TRUE,TRUE,
2/28/2023 21:22:00,TARO,,Oat,,50%,LYCHEE,niketa,,TRUE,TRUE,
2/28/2023 21:22:38,DTYMTCH,,Soy,,,,isabel,,TRUE,TRUE,
2/28/2023 21:23:43,BLK,,MILK,25%,50%,,lily,,TRUE,TRUE,
2/28/2023 21:24:14,TARO,,MILK,50%,75%,,evan,,TRUE,TRUE,
2/28/2023 21:24:46,JSMN,"MNGO, PSNFRT",,100%,100%,POPPIN,viola ,,TRUE,TRUE,
2/28/2023 21:25:08,JSMN,"MNGO, PSNFRT",,100%,100%,POPPIN,viola 2,,TRUE,TRUE,
2/28/2023 21:25:20,,,,,,,amy fuckit bucket,,TRUE,TRUE,
3/2/2023 19:12:05,JSMN,"MNGO, PSNFRT",,25%,50%,BOBA,Stephanie,,TRUE,TRUE,
3/2/2023 19:13:10,JSMN,PCH,,25%,75%,POPPIN,Daniel,,TRUE,TRUE,
3/2/2023 19:14:04,THAI,,MILK,25%,75%,BOBA,Alex,,TRUE,TRUE,
3/2/2023 19:14:53,BLK,,MILK,25%,100%,BOBA,Lea,,TRUE,TRUE,
3/2/2023 19:15:39,THAI,,MILK,25%,75%,BOBA,Ava,,TRUE,TRUE,
3/2/2023 19:16:26,JSMN,"MNGO, PSNFRT",,50%,25%,LYCHEE,Richard,,TRUE,TRUE,
3/2/2023 19:17:23,OLNG,"HNY, PCH",,25%,75%,LYCHEE,Hanah,,TRUE,TRUE,
3/2/2023 19:18:03,OLNG,"PSNFRT, PCH",,25%,50%,BOBA,Layla,,TRUE,TRUE,
3/2/2023 19:18:41,BLK,,MILK,25%,75%,BOBA,James,,TRUE,TRUE,
3/2/2023 19:19:29,TARO,,MILK,25%,50%,BOBA,Jemma,,TRUE,TRUE,
3/2/2023 19:20:17,BSL,,MILK,,,BOBA,Riaan,,TRUE,TRUE,
3/2/2023 19:23:04,TARO,,MILK,25%,100%,LYCHEE,Omaru,,TRUE,TRUE,
3/2/2023 19:23:53,BSL,,MILK,,,BOBA,Ella,,TRUE,TRUE,
3/2/2023 19:25:10,BLK,,MILK,50%,100%,BOBA,Ishika (add brown sugar),,TRUE,TRUE,
3/2/2023 19:27:14,DTYMTCH,,MILK,,,,Kahan,,TRUE,TRUE,
3/2/2023 19:28:05,BLK,ROSE,MILK,25%,75%,BOBA,Eridha,,TRUE,TRUE,
3/2/2023 19:29:07,TARO,,MILK,50%,50%,BOBA,Tai,,TRUE,TRUE,
3/2/2023 19:30:14,TARO,,MILK,25%,50%,BOBA,Maya,,TRUE,TRUE,
3/2/2023 19:31:16,TARO,,MILK,25%,25%,BOBA,Christina,,TRUE,TRUE,
3/2/2023 19:31:56,BLK,,MILK,0%,100%,BOBA,Christina 2,,TRUE,TRUE,
3/2/2023 19:33:28,TARO,,MILK,100%,75%,BOBA,Mqddie,,TRUE,TRUE,
3/2/2023 19:34:04,MTCH,,MILK,,,BOBA,Mai 1,,TRUE,TRUE,
3/2/2023 19:34:31,TARO,,MILK,100%,50%,BOBA,Mai 2,,TRUE,TRUE,
3/2/2023 19:37:46,BLK,,MILK,50%,100%,BOBA,May,,TRUE,TRUE,
3/2/2023 19:51:13,TARO,,Oat,50%,50%,BOBA,Becca,,TRUE,TRUE,
3/2/2023 19:53:04,OLNG,,MILK,50%,75%,BOBA,Ruthie 1,,TRUE,TRUE,
3/2/2023 19:53:18,BSL,,MILK,,,BOBA,Ruthie 2,,TRUE,TRUE,
3/2/2023 19:57:28,THAI,,MILK,50%,50%,BOBA,Katherine ,,TRUE,TRUE,
3/2/2023 19:57:57,DTYMTCH,,MILK,0%,100%,BOBA,Hanah,,TRUE,TRUE,
3/2/2023 19:58:40,BSL,,MILK,,,BOBA,Steven ,,TRUE,TRUE,
3/2/2023 19:59:03,BLK,MNGO,,50%,100%,LYCHEE,Kaylin ,,TRUE,TRUE,
3/2/2023 20:00:37,JSMN,,MILK,0%,0%,BOBA,Serenat,,TRUE,TRUE,
3/2/2023 20:01:32,TARO,,MILK,25%,50%,BOBA,Rahul,,TRUE,TRUE,
3/2/2023 20:02:31,THAI,,MILK,50%,75%,BOBA,Lily,,TRUE,TRUE,
3/2/2023 20:04:11,THAI,,MILK,75%,75%,BOBA,taylor,,TRUE,TRUE,
3/2/2023 20:05:05,TARO,,Oat,50%,50%,BOBA,Niketa,,TRUE,TRUE,
3/2/2023 20:05:52,JSMN,"MNGO, PSNFRT",,50%,100%,BOBA,Rohan 1,,TRUE,TRUE,
3/2/2023 20:06:06,BLK,ROSE,MILK,50%,100%,BOBA,Rohan 2,,TRUE,TRUE,
3/2/2023 20:07:03,TARO,,Oat,50%,50%,BOBA,Matthew,,TRUE,TRUE,
3/2/2023 20:07:59,BSL,,MILK,,,BOBA,Aidan (low fat milk),,TRUE,TRUE,
3/2/2023 20:08:25,JSMN,PCH,,50%,50%,BOBA,Aidan 2,,TRUE,TRUE,
3/2/2023 20:09:21,OLNG,,MILK,25%,100%,BOBA,Leslie,,TRUE,TRUE,
3/2/2023 20:10:13,BLK,,MILK,25%,75%,BOBA,Jacky ,,TRUE,TRUE,
3/2/2023 20:12:00,JSMN,PCH,,0%,50%,BOBA,Johanna,,TRUE,TRUE,
3/2/2023 20:13:04,TARO,,MILK,50%,25%,BOBA,Saru,,TRUE,TRUE,
3/2/2023 20:14:36,OLNG,,MILK,25%,25%,BOBA,Kayla,,TRUE,TRUE,
3/2/2023 20:15:49,JSMN,,MILK,100%,75%,BOBA,Sim,,TRUE,TRUE,
3/2/2023 20:16:29,BLK,,MILK,25%,25%,BOBA,Eric 1,,TRUE,TRUE,
3/2/2023 20:17:00,BSL,,MILK,,,BOBA,Eric 2,,TRUE,TRUE,
3/2/2023 20:17:59,DTYMTCH,,MILK,,,BOBA,Abby,,TRUE,TRUE,
3/2/2023 20:19:14,BLK,,MILK,0%,100%,BOBA,Kyle (add chai),,TRUE,TRUE,
3/2/2023 20:20:11,OLNG,LYCH,,0%,100%,LYCHEE,Jesus Christ,,TRUE,TRUE,
3/2/2023 20:20:58,OLNG,"HNY, PCH",,25%,50%,LYCHEE,Mira,,TRUE,TRUE,
3/2/2023 20:22:05,JSMN,"KQ, LYCH",,50%,100%,BOBA,Joya,,TRUE,TRUE,
3/2/2023 20:22:40,BLK,,MILK,0%,100%,BOBA,Sarah,,TRUE,TRUE,
3/2/2023 20:23:13,BSL,,Oat,,,BOBA,Dylan,,TRUE,TRUE,
3/2/2023 20:24:00,OLNG,ROSE,,25%,75%,POPPIN,Kaylee,,TRUE,TRUE,
3/2/2023 20:24:39,JSMN,,MILK,25%,75%,"BOBA, LYCHEE",Sophia,,TRUE,TRUE,
3/2/2023 20:25:41,TARO,,MILK,25%,25%,BOBA,Verrels,,TRUE,TRUE,
3/2/2023 20:26:24,BSL,,MILK,,,BOBA,Leo 1,,TRUE,TRUE,
3/2/2023 20:26:35,BSL,,Oat,0%,,BOBA,Leo 2,,TRUE,TRUE,
3/2/2023 20:27:38,JSMN,"KQ, MNGO",,50%,25%,,Ally,,TRUE,TRUE,
3/2/2023 20:28:22,OLNG,"HNY, PCH",,25%,25%,BOBA,Ora,,TRUE,TRUE,
3/2/2023 20:29:23,JSMN,,MILK,50%,50%,BOBA,Ieabella,,TRUE,TRUE,
3/2/2023 20:30:05,JSMN,,MILK,100%,75%,BOBA,Emma 1,,TRUE,TRUE,
3/2/2023 20:30:16,JSMN,,MILK,100%,75%,BOBA,Emma 2,,TRUE,TRUE,
3/2/2023 20:30:58,THAI,,MILK,50%,100%,BOBA,Theo,,TRUE,TRUE,
3/2/2023 20:32:31,MTCH,,MILK,50%,,,Eliana,,TRUE,TRUE,
3/2/2023 20:33:02,THAI,,MILK,100%,100%,BOBA,Byrnn,,TRUE,TRUE,
3/2/2023 20:33:49,BSL,,MILK,,,,Anika,,TRUE,TRUE,
3/2/2023 20:34:24,JSMN,,MILK,75%,75%,BOBA,Taryn,,TRUE,TRUE,
3/2/2023 20:35:48,DTYMTCH,,MILK,,,BOBA,Noria,,TRUE,TRUE,
3/2/2023 20:40:35,BLK,,MILK,25%,25%,BOBA,Ru,,TRUE,TRUE,
3/2/2023 20:41:17,JSMN,"KQ, LYCH",,0%,50%,BOBA,Isabelle,,TRUE,TRUE,
3/2/2023 20:49:34,BLK,ROSE,MILK,50%,100%,BOBA,Karina,,TRUE,TRUE,
3/2/2023 20:50:50,BLK,,MILK,50%,50%,BOBA,Taylor,,TRUE,TRUE,
3/2/2023 21:00:52,BLK,,Oat,50%,100%,BOBA,Kaylie,,TRUE,TRUE,
3/2/2023 21:02:45,BLK,ROSE,MILK,0%,25%,BOBA,Zoe,,TRUE,TRUE,
3/2/2023 21:03:22,THAI,,MILK,100%,75%,BOBA,Nicole,,TRUE,TRUE,
3/2/2023 21:05:17,JSMN,"KQ, LYCH",,100%,100%,POPPIN,Rom,,TRUE,TRUE,
3/2/2023 21:06:52,BSL,,Soy,,,BOBA,Luke,,TRUE,TRUE,
3/2/2023 21:07:22,BSL,,MILK,0%,,BOBA,Josh (large cup),,TRUE,TRUE,
3/2/2023 21:11:36,THAI,,MILK,25%,100%,BOBA,Luke,,TRUE,TRUE,
3/2/2023 21:14:37,BLK,,MILK,50%,50%,BOBA,Devon,,TRUE,TRUE,
3/2/2023 21:16:38,BLK,PSNFRT,,0%,50%,BOBA,Jacinda,,TRUE,TRUE,
3/2/2023 21:17:12,BLK,,,50%,0%,LYCHEE,Kate,,TRUE,TRUE,
3/2/2023 21:20:22,JSMN,MNGO,,0%,25%,LYCHEE,Melody,,TRUE,TRUE,
3/2/2023 21:20:54,OLNG,MNGO,,25%,50%,LYCHEE,Abby,,TRUE,TRUE,
3/2/2023 21:21:47,BSL,,MILK,,,,Jacinda,,TRUE,TRUE,
3/2/2023 21:22:41,JSMN,"KQ, LYCH",,100%,100%,LYCHEE,Jose,,TRUE,TRUE,
3/2/2023 21:31:59,JSMN,"MNGO, PSNFRT",,100%,100%,POPPIN,Hadley,,TRUE,TRUE,
3/2/2023 21:32:38,JSMN,LYCH,,50%,50%,LYCHEE,Ella,,TRUE,TRUE,
3/2/2023 21:33:26,JSMN,"KQ, LYCH",,25%,25%,BOBA,Zora,,TRUE,TRUE,
3/2/2023 21:34:02,JSMN,LYCH,,25%,25%,BOBA,Ella,,TRUE,TRUE,
3/2/2023 21:36:21,THAI,,MILK,25%,50%,BOBA,Nick,,TRUE,TRUE,
3/2/2023 21:37:07,,,Soy,,,BOBA,Raya,,TRUE,TRUE,
3/2/2023 21:38:48,TARO,,MILK,100%,,BOBA,Savannah,,TRUE,TRUE,
3/2/2023 21:42:44,JSMN,"MNGO, PSNFRT",,0%,50%,"LYCHEE, POPPIN",Kelly,,TRUE,TRUE,
3/2/2023 21:44:59,JSMN,"MNGO, PSNFRT",,100%,100%,"BOBA, POPPIN",Sienna 1,,TRUE,TRUE,
3/2/2023 21:45:19,JSMN,"MNGO, PSNFRT",,100%,100%,"BOBA, POPPIN",Sienna 2,,TRUE,TRUE,
3/2/2023 21:47:16,OLNG,,MILK,25%,25%,BOBA,emme,,TRUE,TRUE,
3/2/2023 21:47:55,JSMN,"MNGO, PSNFRT",,50%,50%,,Kelly,,TRUE,TRUE,
3/2/2023 21:50:24,OLNG,,MILK,25%,75%,BOBA,David,,TRUE,TRUE,
3/7/2023 19:01:00,THAI,,MILK,50%,50%,BOBA,Angel,,TRUE,TRUE,
3/7/2023 19:01:41,TARO,,Oat,50%,50%,BOBA,Stacy ,,TRUE,TRUE,
3/7/2023 19:06:01,JSMN,"MNGO, PSNFRT",,50%,100%,POPPIN,Hannah,,TRUE,TRUE,
3/7/2023 19:06:22,TARO,,Oat,50%,50%,BOBA,Matthew,,TRUE,TRUE,
3/7/2023 19:06:52,TARO,,Oat,50%,50%,BOBA,Matthew 2,,TRUE,TRUE,
3/7/2023 19:07:16,BLK,ROSE,MILK,50%,50%,BOBA,Rohan,,TRUE,TRUE,
3/7/2023 19:07:40,DTYMTCH,,MILK,,,BOBA,Luke,,TRUE,TRUE,
3/7/2023 19:08:16,JSMN,,MILK,0%,0%,BOBA,Serenat,,TRUE,TRUE,
3/7/2023 19:10:08,JSMN,,MILK,25%,0%,BOBA,Sara,,TRUE,TRUE,
3/7/2023 19:11:08,MTCH,MNGO,,,50%,POPPIN,Zariah,,TRUE,TRUE,
3/7/2023 19:12:55,JSMN,"KQ, LYCH",,50%,50%,POPPIN,Eleanor,,TRUE,TRUE,
3/7/2023 19:16:25,BSL,,MILK,,,BOBA,Remi,,TRUE,TRUE,
3/7/2023 19:17:17,BSL,,MILK,25%,,BOBA,Anna,,TRUE,TRUE,
3/7/2023 19:17:43,BLK,ROSE,MILK,50%,75%,BOBA,Silvie,,TRUE,TRUE,
3/7/2023 19:18:02,OLNG,,MILK,50%,25%,BOBA,gabriel,,TRUE,TRUE,
3/7/2023 19:18:33,JSMN,"MNGO, PSNFRT",,50%,50%,"LYCHEE, POPPIN",Brooke,,TRUE,TRUE,
3/7/2023 19:19:47,BSL,,MILK,,,BOBA,Abby,,TRUE,TRUE,
3/7/2023 19:20:31,THAI,,MILK,75%,75%,BOBA,Lily,,TRUE,TRUE,
3/7/2023 19:20:47,BSL,,MILK,,,BOBA,Mia,,TRUE,TRUE,
3/7/2023 19:21:13,BLK,ROSE,MILK,25%,75%,BOBA,bella,,TRUE,TRUE,
3/7/2023 19:22:08,BSL,,MILK,,,BOBA,Oscar 1,,TRUE,TRUE,
3/7/2023 19:22:20,BSL,,MILK,,,BOBA,Oscar 2,,TRUE,TRUE,
3/7/2023 19:23:36,BLK,,MILK,50%,50%,BOBA,Stacey,,TRUE,TRUE,
3/7/2023 19:24:24,JSMN,WNTML,MILK,50%,75%,BOBA,Lucy,,TRUE,TRUE,
3/7/2023 19:25:00,JSMN,"MNGO, PSNFRT",,25%,50%,,Aviva,,TRUE,TRUE,
3/7/2023 19:28:40,BLK,,MILK,0%,50%,BOBA,Sara,,TRUE,TRUE,
3/7/2023 19:29:48,THAI,,MILK,25%,50%,BOBA,Sebastian,,TRUE,TRUE,
3/7/2023 19:30:37,OLNG,,MILK,25%,100%,BOBA,leslie,,TRUE,TRUE,
3/7/2023 19:31:46,JSMN,,MILK,50%,100%,LYCHEE,Akosua,,TRUE,TRUE,
3/7/2023 19:32:24,BSL,,MILK,,,BOBA,less brown sugar jenny,,TRUE,TRUE,
3/7/2023 19:32:46,DTYMTCH,,MILK,,,BOBA,David,,TRUE,TRUE,
3/7/2023 19:33:09,MTCH,,MILK,25%,,,Eliana,,TRUE,TRUE,
3/7/2023 19:33:34,OLNG,"HNY, PCH",,25%,50%,,Emily,,TRUE,TRUE,
3/7/2023 19:35:03,THAI,,MILK,25%,75%,,natalia,,TRUE,TRUE,
3/7/2023 19:36:02,DTYMTCH,,MILK,,,BOBA,Graham,,TRUE,TRUE,
3/7/2023 19:36:32,TARO,,MILK,,,BOBA,Gisele,,TRUE,TRUE,
3/7/2023 19:36:58,JSMN,WNTML,MILK,25%,50%,BOBA,Eshanaya 1,,TRUE,TRUE,
3/7/2023 19:37:35,DTYMTCH,,MILK,,,BOBA,Eshanya 2,,TRUE,TRUE,
3/7/2023 19:38:20,THAI,,MILK,50%,50%,BOBA,Maya,,TRUE,TRUE,
3/7/2023 19:40:25,OLNG,"HNY, PCH",,25%,50%,BOBA,Lauren,,TRUE,TRUE,
3/7/2023 19:40:42,TARO,,MILK,,25%,BOBA,Vivien,,TRUE,TRUE,
3/7/2023 19:44:18,JSMN,"MNGO, PSNFRT",,0%,25%,BOBA,Katya,,TRUE, ,
3/7/2023 19:47:39,TARO,,MILK,0%,100%,BOBA,Sara,,TRUE,TRUE,
3/7/2023 19:48:35,THAI,,MILK,25%,25%,BOBA,Kristina,,TRUE,TRUE,
3/7/2023 19:50:09,BSL,,Oat,,,BOBA,TRINITY,,TRUE,TRUE,
3/7/2023 19:50:26,BSL,,Oat,,,BOBA,Alex,,TRUE,TRUE,
3/7/2023 19:51:14,TARO,,MILK,,100%,BOBA,Kiara,,TRUE,TRUE,
3/7/2023 19:52:14,JSMN,,MILK,25%,50%,BOBA,Icy,,TRUE,TRUE,
3/7/2023 19:54:24,THAI,,MILK,75%,100%,BOBA,Haley,,TRUE,TRUE,
3/7/2023 19:55:36,JSMN,,MILK,25%,75%,BOBA,Katrina,,TRUE,TRUE,
3/7/2023 19:57:03,JSMN,,MILK,0%,50%,BOBA,Emma,,TRUE,TRUE,
3/7/2023 19:58:10,THAI,,MILK,25%,100%,BOBA,Bob,,TRUE,TRUE,
3/7/2023 19:59:47,TARO,,MILK,50%,75%,BOBA,Maddie 1,,TRUE,TRUE,
3/7/2023 20:00:13,MTCH,,Almond,,,BOBA,maddie 2,,TRUE,TRUE,
3/7/2023 20:00:59,THAI,,MILK,0%,100%,BOBA,Shawn 1,,TRUE,TRUE,
3/7/2023 20:01:24,JSMN,WNTML,MILK,50%,50%,BOBA,Sean 2,,TRUE,TRUE,
3/7/2023 20:04:32,BLK,"KQ, MNGO",,25%,75%,BOBA,Iram,,TRUE,TRUE,
3/7/2023 20:05:25,BLK,LYCH,,25%,25%,"BOBA, LYCHEE",Nicole,,TRUE,TRUE,
3/7/2023 20:05:54,DTYMTCH,,MILK,,,,Shirley,,TRUE,TRUE,
3/7/2023 20:06:32,DTYMTCH,,MILK,,,BOBA,toby,,TRUE,TRUE,
3/7/2023 20:08:32,OLNG,"HNY, PCH",,100%,75%,LYCHEE,Gabby,,TRUE,TRUE,
3/7/2023 20:09:44,JSMN,WNTML,MILK,0%,75%,BOBA,Trisha,,TRUE,TRUE,
3/7/2023 20:11:55,THAI,,MILK,100%,25%,BOBA,Amanda,,TRUE,TRUE,
3/7/2023 20:13:25,MTCH,,Almond,,,BOBA,Manu,,TRUE,TRUE,
3/7/2023 20:14:16,JSMN,"MNGO, PSNFRT",,25%,25%,BOBA,Alessio,,TRUE,TRUE,
3/7/2023 20:15:09,JSMN,"MNGO, PSNFRT",,50%,75%,POPPIN,Alex,,TRUE,TRUE,
3/7/2023 20:16:06,JSMN,"KQ, LYCH",,50%,75%,"BOBA, LYCHEE",Tyler,,TRUE,TRUE,
3/7/2023 20:18:18,DTYMTCH,,Oat,,,BOBA,Brisa ,,TRUE,TRUE,
3/7/2023 20:19:11,BSL,,Oat,,,BOBA,Paola,,TRUE,TRUE,
3/7/2023 20:19:51,BLK,ROSE,MILK,0%,75%,BOBA,Khairat ,,TRUE,TRUE,
3/7/2023 20:20:44,JSMN,,MILK,50%,50%,BOBA,Ora 1,,TRUE,TRUE,
3/7/2023 20:21:06,THAI,,MILK,25%,25%,BOBA,Ora 2 ,,TRUE,TRUE,
3/7/2023 20:21:52,BLK,,MILK,0%,100%,"BOBA, LYCHEE",Gordon,,TRUE,TRUE,
3/7/2023 20:23:06,MTCH,,MILK,,,BOBA,Isa ,,TRUE,TRUE,
3/7/2023 20:24:37,OLNG,ROSE,MILK,50%,100%,BOBA,Rose ,,TRUE,TRUE,
3/7/2023 20:25:30,BLK,ROSE,MILK,75%,75%,BOBA,Joanna 1,,TRUE,TRUE,
3/7/2023 20:26:11,JSMN,PSNFRT,,0%,50%,BOBA,Joanna 2 ,,TRUE,TRUE,
3/7/2023 20:27:09,DTYMTCH,,MILK,,,,Diana ,,TRUE,TRUE,
3/7/2023 20:27:46,JSMN,"MNGO, PSNFRT",,25%,75%,LYCHEE,Bianca ,,TRUE,TRUE,
3/7/2023 20:28:43,JSMN,LYCH,,0%,50%,"LYCHEE, POPPIN",Grace ,,TRUE,TRUE,
3/7/2023 20:30:10,OLNG,"HNY, PCH",,0%,50%,LYCHEE,ally ,,TRUE,TRUE,
3/7/2023 20:30:31,BLK,,MILK,25%,75%,BOBA,Jacky ,,TRUE,TRUE,
3/7/2023 20:31:05,BLK,,MILK,25%,25%,BOBA,Ru,,TRUE,TRUE,
3/7/2023 20:32:05,BSL,,MILK,25%,,BOBA,Sam ,,FALSE,TRUE,
3/7/2023 20:35:53,BLK,MNGO,,25%,50%,BOBA,Rosa ,,TRUE,TRUE,
3/7/2023 20:36:22,BLK,ROSE,MILK,25%,75%,BOBA,Rebecca ,,TRUE,TRUE,
3/7/2023 20:38:23,JSMN,ROSE,,25%,50%,BOBA,Anya,,TRUE,TRUE,
3/7/2023 20:39:04,JSMN,"MNGO, PSNFRT",,50%,50%,BOBA,Lily,,TRUE,TRUE,
3/7/2023 20:40:08,BLK,,MILK,25%,75%,BOBA,Anna,,TRUE,TRUE,
3/7/2023 20:41:01,JSMN,"KQ, LYCH",,25%,50%,LYCHEE,Brandon,,TRUE,TRUE,
3/7/2023 20:42:01,BLK,,MILK,50%,25%,,Elizabeth,,TRUE,TRUE,
3/7/2023 20:42:29,BLK,,MILK,50%,50%,"BOBA, LYCHEE",Elizabeth 2,,TRUE,TRUE,
3/7/2023 20:43:46,JSMN,"MNGO, PSNFRT",,50%,25%,POPPIN,Matilda,,TRUE,TRUE,
3/7/2023 20:44:42,TARO,,MILK,50%,50%,BOBA,Sammy,,TRUE,TRUE,
3/7/2023 20:45:38,JSMN,PCH,,25%,50%,BOBA,Emma,,TRUE,TRUE,
3/7/2023 20:47:13,MTCH,,MILK,50%,,BOBA,Ming,,TRUE,TRUE,
3/7/2023 20:47:49,OLNG,,MILK,50%,50%,BOBA,Kae,,TRUE,TRUE,
3/7/2023 20:48:34,BLK,ROSE,,100%,100%,LYCHEE,Kae,,TRUE,TRUE,
3/7/2023 20:50:05,OLNG,WNTML,,100%,50%,BOBA,Victoria,,TRUE,TRUE,
3/7/2023 20:50:59,OLNG,"MNGO, PSNFRT",,25%,50%,LYCHEE,Jimin,,TRUE,TRUE,
3/7/2023 20:51:37,BSL,,MILK,,,BOBA,Ale ,,TRUE,TRUE,
3/7/2023 20:52:36,OLNG,"HNY, PCH",,0%,50%,,Janice,,TRUE,TRUE,
3/7/2023 20:53:19,BLK,,MILK,0%,50%,,Amy,,TRUE,TRUE,
3/7/2023 20:53:55,BSL,,Oat,,,BOBA,Jonna,,TRUE,TRUE,
3/7/2023 20:54:35,TARO,,MILK,100%,100%,BOBA,Alex,,TRUE,TRUE,
3/7/2023 20:55:22,BSL,,MILK,,,BOBA,Mia,,TRUE,TRUE,
3/7/2023 20:56:09,BLK,,MILK,0%,50%,BOBA,Jonathon,,TRUE,TRUE,
3/7/2023 20:57:42,THAI,,MILK,25%,50%,BOBA,Neehal,,TRUE,TRUE,
3/7/2023 20:58:19,MTCH,,MILK,,,BOBA,Camille,,TRUE,TRUE,
3/7/2023 20:58:58,MTCH,,MILK,,,BOBA,Charlotte,,TRUE,TRUE,
3/7/2023 21:00:08,OLNG,"HNY, PCH",,50%,50%,POPPIN,Alex,,TRUE,TRUE,
3/7/2023 21:00:42,BSL,,MILK,,,BOBA,Max,,TRUE,TRUE,
3/7/2023 21:01:40,OLNG,"HNY, PCH",,25%,75%,LYCHEE,Hana,,TRUE,TRUE,
3/7/2023 21:02:48,OLNG,ROSE,,100%,25%,,Serena,,TRUE,TRUE,
3/7/2023 21:03:48,OLNG,"MNGO, PSNFRT",,0%,75%,BOBA,Will,,TRUE,TRUE,
3/7/2023 21:04:43,BLK,PCH,,25%,75%,POPPIN,Daniel,,TRUE,TRUE,
3/7/2023 21:05:12,TARO,,MILK,50%,75%,BOBA,James,,TRUE,TRUE,
3/7/2023 21:06:33,OLNG,WNTML,,100%,100%,BOBA,Joey,,TRUE,TRUE,
3/7/2023 21:07:30,OLNG,WNTML,,100%,100%,BOBA,Joey 2,,TRUE,TRUE,
3/7/2023 21:07:59,BLK,"MNGO, PSNFRT",,100%,100%,LYCHEE,Joey 3,,TRUE,TRUE,
3/7/2023 21:09:41,OLNG,WNTML,,0%,50%,LYCHEE,Phyllis,,TRUE,TRUE,
3/7/2023 21:10:15,DTYMTCH,,MILK,,,BOBA,Kendrick,,TRUE,TRUE,
3/7/2023 21:11:16,DTYMTCH,,MILK,,,BOBA,Kaylin,,TRUE,TRUE,
3/7/2023 21:11:39,BLK,"MNGO, PSNFRT",,100%,100%,LYCHEE,Kaylin 2,,TRUE,TRUE,
3/7/2023 21:13:15,OLNG,"HNY, PCH",,50%,100%,LYCHEE,Jeremy,,TRUE,TRUE,
3/7/2023 21:14:02,BLK,,MILK,50%,100%,BOBA,May. ,,TRUE,TRUE,
3/7/2023 21:15:26,BSL,,MILK,50%,,BOBA,Addi,,TRUE,TRUE,
3/7/2023 21:16:00,THAI,,MILK,100%,100%,BOBA,Eze,,TRUE,TRUE,
3/7/2023 21:17:22,BLK,ROSE,MILK,25%,50%,,Rahul,,TRUE,TRUE,
3/7/2023 21:18:53,BLK,ROSE,MILK,0%,25%,"BOBA, LYCHEE",Angel,,TRUE,TRUE,
3/7/2023 21:19:33,THAI,,MILK,50%,75%,BOBA,Sridha ,,TRUE,TRUE,
3/7/2023 21:21:10,THAI,,MILK,100%,100%,,Eleni ,,TRUE,TRUE,
3/7/2023 21:21:54,OLNG,"MNGO, PSNFRT",,50%,75%,LYCHEE,Mariana,,TRUE,TRUE,
3/7/2023 21:22:39,OLNG,MNGO,,25%,50%,LYCHEE,Katie,,TRUE,TRUE,
3/7/2023 21:24:14,OLNG,"MNGO, PSNFRT",,50%,75%,LYCHEE,Anais,,TRUE,\,
3/7/2023 21:25:11,TARO,,Oat,50%,75%,,Angie,,TRUE,,
3/7/2023 21:26:18,OLNG,PSNFRT,,25%,50%,POPPIN,Louie,,TRUE,TRUE,
3/7/2023 21:27:42,THAI,,MILK,50%,50%,,Jessie,,TRUE,TRUE,
3/7/2023 21:27:56,THAI,,MILK,50%,50%,,Jessie 2,,TRUE,TRUE,
3/7/2023 21:28:23,BSL,,MILK,,,,Red,,TRUE,TRUE,
3/21/2023 19:06:45,OLNG,,MILK,25%,100%,BOBA,Leslie ,,TRUE,TRUE,
3/21/2023 19:08:24,THAI,,MILK,25%,100%,BOBA,Laura,,TRUE,TRUE,
3/21/2023 19:10:18,THAI,,MILK,50%,100%,,Hannah ,,TRUE,TRUE,
3/21/2023 19:13:28,JSMN,WNTML,MILK,25%,50%,BOBA,Leila ,,TRUE,TRUE,
3/21/2023 19:14:21,OLNG,"HNY, PCH",,25%,75%,BOBA,Hannah ,,TRUE,TRUE,
3/21/2023 19:15:05,BLK,ROSE,MILK,50%,75%,BOBA,Bella ,,TRUE,TRUE,
3/21/2023 19:15:37,THAI,,MILK,25%,75%,BOBA,Lauren ,,TRUE,TRUE,
3/21/2023 19:22:47,THAI,,MILK,50%,100%,BOBA,Mila ,,TRUE,TRUE,
3/21/2023 19:35:29,BLK,ROSE,MILK,25%,75%,BOBA,Oliver ,,TRUE,TRUE,
3/21/2023 19:35:57,BLK,ROSE,MILK,25%,75%,BOBA,Leo ,,TRUE,TRUE,
3/21/2023 19:38:23,TARO,,MILK,25%,25%,BOBA,V,,TRUE,TRUE,
3/21/2023 19:50:33,BSL,,MILK,,,BOBA,Drea,,TRUE,TRUE,
3/21/2023 19:51:20,THAI,,MILK,50%,75%,BOBA,Reyna ,,TRUE,TRUE,
3/21/2023 19:53:27,BLK,,MILK,50%,100%,BOBA,Maymuunah ,,TRUE,TRUE,
3/21/2023 19:54:10,BSL,,MILK,50%,,BOBA,Haddi ,,TRUE,TRUE,
3/21/2023 19:56:42,JSMN,,MILK,50%,50%,BOBA,Isabelle ,,TRUE,TRUE,
3/21/2023 20:01:19,JSMN,LYCH,,0%,50%,"LYCHEE, POPPIN",Grace 1,,TRUE,TRUE,
3/21/2023 20:01:49,JSMN,LYCH,,0%,50%,"LYCHEE, POPPIN",Grace 2,,TRUE,TRUE,
3/21/2023 20:02:29,TARO,,MILK,25%,100%,BOBA,Meyollah ,,TRUE,TRUE,
3/21/2023 20:03:04,THAI,,MILK,25%,25%,BOBA,Isabelle ,,TRUE,TRUE,
3/21/2023 20:03:34,BLK,,MILK,25%,100%,BOBA,JACKYYYYYY,,TRUE,TRUE,
3/21/2023 20:04:16,DTYMTCH,,MILK,,,,Diana ,,TRUE,TRUE,
3/21/2023 20:05:13,JSMN,,MILK,50%,50%,BOBA,Emrys 1 ,,TRUE,TRUE,
3/21/2023 20:05:53,JSMN,"MNGO, PSNFRT",,75%,100%,BOBA,Emrys 2,,TRUE,TRUE,
3/21/2023 20:06:38,JSMN,PCH,,25%,75%,POPPIN,Daniel ,,TRUE,TRUE,
3/21/2023 20:08:56,JSMN,WNTML,MILK,50%,50%,BOBA,David ,,TRUE,TRUE,
3/21/2023 20:09:22,JSMN,WNTML,MILK,50%,25%,BOBA,Viven ,,TRUE,TRUE,
3/21/2023 20:10:29,JSMN,,MILK,50%,25%,BOBA,Vio ,,TRUE,TRUE,
3/21/2023 20:11:18,JSMN,"MNGO, PSNFRT",,25%,75%,LYCHEE,Bianca 1 ,,TRUE,TRUE,
3/21/2023 20:11:42,JSMN,"MNGO, PSNFRT",,100%,75%,LYCHEE,Bianca 2 ,,TRUE,TRUE,
3/21/2023 20:12:28,BSL,,Soy,,,BOBA,Mila ,,TRUE,TRUE,
3/21/2023 20:13:37,TARO,,MILK,0%,75%,"BOBA, LYCHEE",MELINDA,,TRUE,TRUE,
3/21/2023 20:15:15,THAI,,MILK,100%,50%,BOBA,Taylor 1,,TRUE,TRUE,
3/21/2023 20:15:32,THAI,,MILK,100%,50%,BOBA,Taylor 2 ,,TRUE,TRUE,
3/21/2023 20:16:05,JSMN,"MNGO, PSNFRT",,50%,25%,BOBA,Amanda ,,TRUE,TRUE,
3/21/2023 20:16:47,BSL,,MILK,,,BOBA,Guy,,TRUE,TRUE,
3/21/2023 20:18:28,THAI,,MILK,50%,50%,,Amanda ,,TRUE,TRUE,
3/21/2023 20:19:14,THAI,,MILK,25%,75%,BOBA,Jay ,,TRUE,TRUE,
3/21/2023 20:21:50,BSL,,MILK,,,BOBA,Rom ,,TRUE,TRUE,
3/21/2023 20:22:39,BLK,,MILK,50%,75%,BOBA,Anna ,,TRUE,TRUE,
3/21/2023 20:23:50,JSMN,,MILK,50%,50%,BOBA,Brandon ,,TRUE,TRUE,
3/21/2023 20:24:20,JSMN,"MNGO, PSNFRT",,50%,25%,LYCHEE,Anisa,,TRUE,TRUE,
3/21/2023 20:28:13,BSL,,Oat,,,BOBA,luke,,TRUE,TRUE,
3/21/2023 20:28:47,BSL,,MILK,0%,,BOBA,josh,,TRUE,TRUE,
3/21/2023 20:30:20,JSMN,WNTML,MILK,50%,75%,BOBA,hannah,,TRUE,TRUE,
3/21/2023 20:31:53,JSMN,WNTML,MILK,75%,75%,BOBA,jeanette,,TRUE,TRUE,
3/21/2023 20:33:09,BLK,ROSE,MILK,0%,50%,BOBA,zuriel,,TRUE,TRUE,
3/21/2023 20:34:05,BLK,LYCH,,25%,100%,LYCHEE,kimai,,TRUE,TRUE,
3/21/2023 20:34:47,JSMN,,MILK,0%,0%,BOBA,serenat,,TRUE,TRUE,
3/21/2023 20:35:30,MTCH,,MILK,,,BOBA,sarah,,TRUE,TRUE,
3/21/2023 20:36:11,BLK,,MILK,25%,0%,"BOBA, LYCHEE",Lily,,TRUE,TRUE,
3/21/2023 20:37:36,THAI,,MILK,0%,50%,BOBA,Mari,,TRUE,TRUE,
3/21/2023 20:40:35,BLK,LYCH,,25%,25%,"BOBA, LYCHEE",Nicole,,TRUE,TRUE,
3/21/2023 20:44:28,OLNG,HNY,MILK,50%,50%,BOBA,Mariana,,TRUE,TRUE,
3/21/2023 20:44:52,,,Soy,,,BOBA,Reia,,TRUE,TRUE,
3/21/2023 20:46:11,JSMN,"MNGO, PSNFRT",,25%,25%,BOBA,Alessio,,TRUE,TRUE,
3/21/2023 20:47:44,TARO,,MILK,0%,50%,,Rosie (less boba than usual),,TRUE,TRUE,
3/21/2023 20:48:30,JSMN,"KQ, LYCH",,50%,75%,BOBA,Sky,,TRUE,TRUE,
3/21/2023 20:49:09,JSMN,"MNGO, PSNFRT",,25%,50%,BOBA,Annika,,TRUE,TRUE,
3/21/2023 20:49:45,BSL,,,,,BOBA,Ananya,,TRUE,TRUE,
3/21/2023 20:50:39,MTCH,,MILK,50%,,,Daisy,,TRUE,TRUE,
3/21/2023 20:52:19,BSL,,,,,BOBA,Alex,,TRUE,TRUE,
3/21/2023 20:53:43,BLK,WNTML,MILK,25%,50%,BOBA,Emma,,TRUE,TRUE,
3/21/2023 20:54:23,OLNG,"HNY, PCH",,50%,50%,POPPIN,Sammy,,TRUE,TRUE,
3/21/2023 20:55:08,JSMN,"MNGO, PSNFRT",,25%,25%,BOBA,Alex,,TRUE,TRUE,
3/21/2023 20:55:50,JSMN,ROSE,MILK,25%,50%,BOBA,Stephanie,,TRUE,TRUE,
3/21/2023 20:56:36,BLK,WNTML,MILK,0%,75%,BOBA,Chris,,TRUE,TRUE,
3/21/2023 20:57:19,TARO,,Oat,50%,50%,BOBA,Nikita,,TRUE,TRUE,
3/21/2023 20:58:00,TARO,,Oat,50%,50%,LYCHEE,Matthew,,TRUE,TRUE,
3/21/2023 20:58:51,THAI,,MILK,25%,75%,BOBA,Tayo,,TRUE,TRUE,
3/21/2023 21:02:17,TARO,,MILK,0%,25%,BOBA,Rosie (less boba than usual),,TRUE,TRUE,
3/21/2023 21:02:55,DTYMTCH,,MILK,,,BOBA,Kendrick,,TRUE,TRUE,
3/21/2023 21:03:44,JSMN,"MNGO, PSNFRT",,50%,50%,BOBA,Catherine,,TRUE,TRUE,
3/21/2023 21:04:26,JSMN,"MNGO, PSNFRT",,25%,75%,LYCHEE,Taylor,,TRUE,TRUE,
3/21/2023 21:05:17,BLK,,MILK,0%,75%,BOBA,Hannah,,TRUE,TRUE,
3/21/2023 21:06:03,TARO,,Almond,50%,75%,BOBA,Alice,,TRUE,,
3/21/2023 21:06:44,BSL,,MILK,,,BOBA,Lucia,,TRUE,TRUE,
3/21/2023 21:09:58,THAI,,MILK,50%,100%,BOBA,Lenny,,TRUE,TRUE,
3/21/2023 21:13:51,MTCH,,MILK,0%,,BOBA,Arjun,,TRUE,TRUE,
3/21/2023 21:15:50,JSMN,"MNGO, PSNFRT",,50%,100%,LYCHEE,Joya,,TRUE,TRUE,
3/21/2023 21:16:38,TARO,,MILK,50%,50%,BOBA,Asia,,TRUE,TRUE,
3/21/2023 21:17:30,OLNG,LYCH,,0%,100%,LYCHEE,Rhea,,TRUE,TRUE,
3/21/2023 21:19:18,BLK,,MILK,25%,50%,BOBA,Sophie,,TRUE,TRUE,
3/21/2023 21:20:08,BLK,ROSE,MILK,25%,75%,BOBA,Kaylee,,TRUE,TRUE,
3/21/2023 21:21:01,BLK,ROSE,MILK,50%,75%,BOBA,Ruthie,,TRUE,TRUE,
3/21/2023 21:22:01,TARO,,MILK,50%,75%,BOBA,Hamoud,,TRUE,TRUE,
3/21/2023 21:22:15,TARO,,MILK,50%,75%,BOBA,Hamoud 2,,TRUE,TRUE,
3/21/2023 21:23:48,TARO,,MILK,25%,75%,BOBA,Ty,,TRUE,TRUE,
3/21/2023 21:24:09,,,,,,BOBA,1 fuckit Bucket for Ty,,TRUE,TRUE,
3/21/2023 21:25:06,JSMN,"LYCH, PCH",,0%,100%,"BOBA, LYCHEE",Sharon,,TRUE,TRUE,
3/21/2023 21:25:59,OLNG,"LYCH, MNGO",,50%,50%,LYCHEE,Mia,,TRUE,TRUE,
3/21/2023 21:26:55,OLNG,"HNY, PCH",,50%,100%,BOBA,Page,,TRUE,TRUE,
3/21/2023 21:27:38,OLNG,"MNGO, PSNFRT",,50%,100%,LYCHEE,Gada,,TRUE,TRUE,
3/21/2023 21:30:11,DTYMTCH,,Oat,,,,Josh,,TRUE,TRUE,
3/21/2023 21:34:21,DTYMTCH,,MILK,,,BOBA,rose,,TRUE,TRUE,
3/23/2023 19:06:08,BLK,,MILK,25%,100%,BOBA,elyiah,,TRUE,TRUE,
3/23/2023 19:07:42,THAI,,MILK,25%,75%,BOBA,ava,,TRUE,TRUE,
3/23/2023 19:08:12,JSMN,,MILK,0%,50%,"BOBA, LYCHEE",samika,,TRUE,TRUE,
3/23/2023 19:09:37,JSMN,,MILK,75%,50%,BOBA,aiko,,TRUE,TRUE,
3/23/2023 19:10:04,OLNG,,MILK,25%,100%,BOBA,leslie,,TRUE,TRUE,
3/23/2023 19:10:34,OLNG,,MILK,25%,25%,,mariana,,TRUE,TRUE,
3/23/2023 19:10:59,OLNG,,MILK,25%,50%,LYCHEE,richard,,TRUE,TRUE,
3/23/2023 19:11:53,OLNG,,MILK,25%,25%,BOBA,li,,TRUE,TRUE,
3/23/2023 19:12:27,JSMN,,MILK,25%,100%,LYCHEE,sadie,,TRUE,TRUE,
3/23/2023 19:26:03,JSMN,,MILK,50%,75%,BOBA,ann,,TRUE,TRUE,
3/23/2023 19:26:34,JSMN,,MILK,50%,50%,BOBA,audrey,,TRUE,TRUE,
3/23/2023 19:27:08,BLK,,MILK,50%,50%,BOBA,breck,,TRUE,TRUE,
3/23/2023 19:27:32,TARO,,MILK,50%,100%,BOBA,waldo,,TRUE,TRUE,
3/23/2023 19:31:17,BLK,ROSE,MILK,75%,75%,BOBA,annika,,TRUE,TRUE,
3/23/2023 19:31:56,BLK,,MILK,75%,75%,BOBA,meredith,,TRUE,TRUE,
3/23/2023 19:32:25,THAI,,MILK,50%,25%,BOBA,sabrina,,TRUE,TRUE,
3/23/2023 19:33:15,OLNG,,MILK,50%,75%,BOBA,ruthie,,TRUE,TRUE,
3/23/2023 19:33:55,JSMN,,MILK,50%,50%,LYCHEE,claire,,TRUE,TRUE,
3/23/2023 19:35:09,TARO,,Oat,,25%,BOBA,megan,,TRUE,TRUE,
3/23/2023 19:35:32,JSMN,,MILK,75%,75%,BOBA,abby,,TRUE,TRUE,
3/23/2023 19:36:12,TARO,,Oat,,100%,"BOBA, LYCHEE",ana,,TRUE,TRUE,
3/23/2023 19:36:57,BLK,,MILK,25%,25%,BOBA,ruth,,TRUE,TRUE,
3/23/2023 19:38:41,MTCH,,Oat,,,BOBA,stella,,TRUE,TRUE,
3/23/2023 19:39:17,BLK,LYCH,,25%,25%,LYCHEE,nicole,,TRUE,TRUE,
3/23/2023 19:42:34,BLK,ROSE,MILK,25%,25%,"BOBA, LYCHEE",nick,,TRUE,TRUE,
3/23/2023 19:44:45,OLNG,,MILK,0%,50%,BOBA,li,,TRUE,TRUE,
3/23/2023 19:45:38,BLK,,MILK,25%,25%,BOBA,li 2,,TRUE,TRUE,
3/23/2023 19:47:00,THAI,,MILK,25%,50%,BOBA,li 3,,TRUE,TRUE,
3/23/2023 19:47:53,JSMN,"MNGO, PSNFRT",,75%,75%,BOBA,tom,,TRUE,TRUE,
3/23/2023 19:49:21,JSMN,"MNGO, PSNFRT",,75%,75%,BOBA,soren,,TRUE,TRUE,
3/23/2023 19:49:46,DTYMTCH,,MILK,,,BOBA,marcela,,TRUE,TRUE,
3/23/2023 19:50:27,BLK,,MILK,0%,125%,BOBA,nira - add brown sugar,,TRUE,TRUE,
3/23/2023 19:50:59,BLK,PSNFRT,,0%,75%,LYCHEE,shreya,,TRUE,TRUE,
3/23/2023 19:52:16,BSL,,MILK,,,BOBA,helene,,TRUE,TRUE,
3/23/2023 19:52:50,TARO,,Soy,,100%,BOBA,andrea,,TRUE,TRUE,
3/23/2023 19:53:40,BSL,,Almond,,,,katie,,TRUE,TRUE,
3/23/2023 19:54:09,MTCH,,Almond,,,BOBA,manu,,TRUE,TRUE,
3/23/2023 19:56:59,BSL,,MILK,,,BOBA,anna,,TRUE,TRUE,
3/23/2023 19:57:48,TARO,,Oat,,25%,BOBA,hannah,,TRUE,TRUE,
3/23/2023 19:58:41,TARO,,MILK,0%,100%,,elle,,TRUE,TRUE,
3/23/2023 19:59:16,BSL,,MILK,,,BOBA,hina,,TRUE,TRUE,
3/23/2023 20:01:02,BSL,,MILK,,,BOBA,steven,,TRUE,TRUE,
3/23/2023 20:03:51,BSL,,MILK,50%,,BOBA,aru,,TRUE,TRUE,
3/23/2023 20:04:21,BSL,,MILK,,,BOBA,kate,,TRUE,TRUE,
3/23/2023 20:06:09,JSMN,,MILK,25%,100%,BOBA,inq,,TRUE,TRUE,
3/23/2023 20:06:59,JSMN,"MNGO, PSNFRT",,25%,25%,BOBA,alessio,,TRUE,TRUE,
3/23/2023 20:08:50,BLK,ROSE,MILK,25%,75%,BOBA,cat,,TRUE,TRUE,
3/23/2023 20:09:26,JSMN,PSNFRT,,0%,50%,"LYCHEE, POPPIN",grace,,TRUE,TRUE,
3/23/2023 20:10:36,JSMN,PCH,,25%,75%,POPPIN,daniel,,TRUE,TRUE,
3/23/2023 20:11:13,MTCH,,MILK,,,BOBA,catherine,,TRUE,TRUE,
3/23/2023 20:11:42,OLNG,,MILK,50%,50%,BOBA,rya,,TRUE,TRUE,
3/23/2023 20:12:31,TARO,,MILK,,50%,BOBA,sophia,,TRUE,TRUE,
3/23/2023 20:13:08,JSMN,,MILK,50%,25%,BOBA,vera,,TRUE,TRUE,
3/23/2023 20:14:01,TARO,,MILK,,0%,BOBA,pip,,TRUE,TRUE,
3/23/2023 20:14:40,TARO,,MILK,0%,75%,BOBA,melinda,,TRUE,TRUE,
3/23/2023 20:15:20,BLK,,MILK,25%,75%,BOBA,jacky,,TRUE,TRUE,
3/23/2023 20:16:17,OLNG,PCH,,50%,25%,POPPIN,kira,,TRUE,TRUE,
3/23/2023 20:17:04,BSL,,MILK,,,BOBA,bella,,TRUE,TRUE,
3/23/2023 20:17:31,JSMN,"MNGO, PSNFRT",,50%,75%,POPPIN,taylor,,TRUE,TRUE,
3/23/2023 20:18:19,,,,,,,shawn - fuck it bucket,,TRUE,TRUE,
3/23/2023 20:18:42,JSMN,WNTML,MILK,0%,100%,BOBA,shawn,,TRUE,TRUE,
3/23/2023 20:19:59,BSL,,MILK,,,BOBA,austin ,,TRUE,TRUE,
3/23/2023 20:20:08,BSL,,MILK,,,BOBA,austin 2,,TRUE,TRUE,
3/23/2023 20:20:15,BSL,,MILK,,,BOBA,austin 3,,TRUE,TRUE,
3/23/2023 20:21:09,TARO,,MILK,,50%,BOBA,joey,,TRUE,TRUE,
3/23/2023 20:21:38,OLNG,"HNY, PCH",,50%,50%,BOBA,katie,,TRUE,TRUE,
3/23/2023 20:22:27,DTYMTCH,,Oat,,,BOBA,riya,,TRUE,TRUE,
3/23/2023 20:23:04,OLNG,"HNY, PCH",,50%,50%,BOBA,riya 2,,TRUE,TRUE,
3/23/2023 20:23:44,TARO,,Oat,,50%,BOBA,becca,,TRUE,TRUE,
3/23/2023 20:24:03,BSL,,Almond,,,BOBA,becca 2,,TRUE,TRUE,
3/23/2023 20:24:44,BLK,LYCH,,50%,50%,,derrick,,TRUE,TRUE,
3/23/2023 20:25:09,JSMN,MNGO,,100%,50%,,derrick 2,,TRUE,TRUE,
3/23/2023 20:25:38,MTCH,,Oat,,,BOBA,ava,,TRUE,TRUE,
3/23/2023 20:26:17,MTCH,,Oat,,,BOBA,ally,,TRUE,TRUE,
3/23/2023 20:26:34,BSL,,Oat,,,BOBA,ally 2,,TRUE,TRUE,
3/23/2023 20:27:21,BSL,,MILK,,,BOBA,nelia,,TRUE,TRUE,
3/23/2023 20:28:15,BSL,,Oat,,,,kai,,TRUE,TRUE,
3/23/2023 20:28:38,BLK,LYCH,,25%,25%,LYCHEE,carl,,TRUE,TRUE,
3/23/2023 20:29:01,BLK,,MILK,50%,50%,BOBA,carl 2,,TRUE,TRUE,
3/23/2023 20:30:10,OLNG,"HNY, PCH",,100%,50%,LYCHEE,vivian,,TRUE,TRUE,
3/23/2023 20:30:34,TARO,,MILK,50%,50%,BOBA,vivian 2,,TRUE,TRUE,
3/23/2023 20:30:55,BSL,,MILK,0%,,BOBA,vivian 3,,TRUE,TRUE,
3/23/2023 20:31:52,JSMN,,MILK,50%,100%,LYCHEE,vivian 4,,TRUE,TRUE,
3/23/2023 20:35:37,THAI,,MILK,75%,75%,BOBA,becca,,TRUE,TRUE,
3/23/2023 20:38:18,BSL,,MILK,,,,nina,,TRUE,TRUE,
3/23/2023 20:38:47,OLNG,"HNY, PCH",,25%,75%,LYCHEE,hana,,TRUE,TRUE,
3/23/2023 20:39:25,THAI,,MILK,50%,50%,BOBA,reece,,TRUE,TRUE,
3/23/2023 20:40:15,BLK,ROSE,MILK,50%,50%,BOBA,matt,,TRUE,TRUE,
3/23/2023 20:40:52,BSL,,MILK,,,,kate,,TRUE,TRUE,
3/23/2023 20:42:10,BLK,MNGO,,0%,,BOBA,zuriel,,TRUE,TRUE,
3/23/2023 20:43:35,MTCH,,Soy,,,BOBA,luke,,TRUE,TRUE,
3/23/2023 20:44:07,JSMN,WNTML,MILK,75%,100%,LYCHEE,rom,,TRUE,TRUE,
3/23/2023 20:46:03,JSMN,WNTML,MILK,100%,50%,BOBA,victoria,,TRUE,TRUE,
3/23/2023 20:46:39,JSMN,"MNGO, PSNFRT",,100%,100%,POPPIN,lynnsean,,TRUE,TRUE,
3/23/2023 20:47:03,JSMN,WNTML,MILK,75%,75%,,lynnsean 2,,TRUE,TRUE,
3/23/2023 20:47:44,OLNG,MNGO,,25%,75%,BOBA,iram,,TRUE,TRUE,
3/23/2023 20:48:18,JSMN,WNTML,MILK,25%,75%,BOBA,caleb,,TRUE,TRUE,
3/23/2023 20:48:52,BSL,,MILK,,,BOBA,yunju,,TRUE,TRUE,
3/23/2023 20:49:36,BLK,,MILK,50%,75%,BOBA,camille,,TRUE,TRUE,
3/23/2023 20:51:18,TARO,,MILK,,50%,BOBA,sammy,,TRUE,TRUE,
3/23/2023 20:56:01,THAI,,MILK,75%,50%,BOBA,anissa,,TRUE,TRUE,
3/23/2023 21:00:14,BLK,,MILK,100%,100%,BOBA,ru,,TRUE,TRUE,
3/23/2023 21:00:56,JSMN,WNTML,MILK,50%,50%,BOBA,may,,TRUE,TRUE,
3/23/2023 21:01:58,JSMN,,MILK,0%,50%,,arie,,TRUE,TRUE,
3/23/2023 21:03:03,JSMN,"PSNFRT, PCH",,50%,25%,BOBA,golda,,TRUE,TRUE,
3/23/2023 21:04:04,BLK,ROSE,MILK,50%,75%,BOBA,trisha,,TRUE,TRUE,
3/23/2023 21:04:45,JSMN,"KQ, LYCH",,50%,25%,LYCHEE,madeline,,TRUE,TRUE,
3/23/2023 21:05:33,,,MILK,50%,100%,BOBA,may,,TRUE,TRUE,
3/23/2023 21:06:16,THAI,,MILK,25%,75%,BOBA,jada,,TRUE,TRUE,
3/23/2023 21:07:45,THAI,,MILK,25%,100%,,b,,TRUE,TRUE,
3/23/2023 21:08:51,JSMN,"LYCH, PCH",,75%,75%,BOBA,anais,,TRUE,TRUE,
3/23/2023 21:09:57,TARO,,Oat,75%,25%,BOBA,angie,,TRUE,TRUE,
3/23/2023 21:10:33,JSMN,"KQ, LYCH",,25%,25%,BOBA,emily,,TRUE,TRUE,
3/23/2023 21:11:17,OLNG,ROSE,,25%,75%,LYCHEE,izzy,,TRUE,TRUE,
3/23/2023 21:11:52,BLK,ROSE,MILK,50%,25%,BOBA,emily,,TRUE,TRUE,
3/23/2023 21:12:25,THAI,,MILK,25%,25%,LYCHEE,ash,,TRUE,TRUE,
3/23/2023 21:18:51,BSL,,MILK,,,BOBA,essi,,TRUE,TRUE,
3/23/2023 21:19:21,OLNG,,MILK,25%,50%,BOBA,may,,TRUE,TRUE,
3/23/2023 21:19:45,OLNG,,MILK,75%,25%,BOBA,leah,,TRUE,TRUE,
3/23/2023 21:21:23,BSL,,Oat,,,BOBA,kimai,,TRUE,TRUE,
3/23/2023 21:22:48,THAI,,MILK,25%,25%,BOBA,moe,,TRUE,TRUE,
3/23/2023 21:23:51,BLK,PCH,,25%,75%,POPPIN,zoe,,TRUE,TRUE,
3/23/2023 21:24:41,JSMN,,MILK,0%,0%,"LYCHEE, POPPIN",zoe,,TRUE,TRUE,
3/23/2023 21:25:27,JSMN,"KQ, LYCH",,75%,50%,LYCHEE,sarah,,TRUE,TRUE,
3/23/2023 21:26:11,TARO,,Almond,,50%,LYCHEE,molly,,TRUE,TRUE,
3/23/2023 21:31:32,TARO,,Oat,,50%,LYCHEE,niketa,,TRUE,TRUE,
3/23/2023 21:41:21,THAI,,MILK,50%,50%,,Nico,,TRUE,TRUE,
3/23/2023 21:44:30,BLK,,MILK,75%,75%,POPPIN,Chris,,TRUE,TRUE,
3/28/2023 19:11:43,JSMN,,MILK,50%,50%,BOBA,Audrey,,TRUE,TRUE,
3/28/2023 19:13:02,JSMN,,MILK,50%,75%,BOBA,Anne,,TRUE,TRUE,
3/28/2023 19:13:55,JSMN,,MILK,0%,50%,"BOBA, LYCHEE",Sumitha,,TRUE,TRUE,
3/28/2023 19:14:36,JSMN,"MNGO, PSNFRT",,50%,50%,BOBA,Desa,,TRUE,TRUE,
3/28/2023 19:15:02,TARO,,MILK,75%,50%,BOBA,Mya,,TRUE,TRUE,
3/28/2023 19:16:56,JSMN,"MNGO, PSNFRT",,0%,75%,BOBA,Emily,,TRUE,TRUE,
3/28/2023 19:17:52,JSMN,"KQ, LYCH",,25%,50%,BOBA,RICHARD 1,,TRUE,TRUE,
3/28/2023 19:18:31,JSMN,"KQ, LYCH",,25%,25%,LYCHEE,Richard 2,,TRUE,TRUE,
3/28/2023 19:19:26,OLNG,"HNY, PCH",,75%,50%,POPPIN,justin,,TRUE,TRUE,
3/28/2023 19:19:50,JSMN,,MILK,50%,50%,BOBA,Rohan,,TRUE,TRUE,
3/28/2023 19:21:32,JSMN,PCH,,50%,25%,BOBA,Isabel,,TRUE,TRUE,
3/28/2023 19:27:31,JSMN,"MNGO, PSNFRT",,50%,100%,LYCHEE,Allie,,TRUE,TRUE,
3/28/2023 19:29:49,OLNG,"HNY, PCH",,50%,75%,BOBA,Emma,,TRUE,TRUE,
3/28/2023 19:30:42,TARO,,Oat,25%,100%,BOBA,Blessing,,TRUE,TRUE,
3/28/2023 19:39:25,OLNG,,MILK,25%,100%,BOBA,Leslie ,,TRUE,TRUE,
3/28/2023 19:43:21,JSMN,KQ,,0%,25%,"BOBA, LYCHEE",nora ,,TRUE,TRUE,
3/28/2023 19:44:43,JSMN,"LYCH, MNGO",,100%,25%,BOBA,Maya ,,TRUE,TRUE,
3/28/2023 19:46:28,BLK,,MILK,25%,75%,BOBA,Katrina (add brown sugar on sides),,TRUE,TRUE,
3/28/2023 19:46:54,THAI,,MILK,25%,100%,BOBA,Kaley,,TRUE,TRUE,
3/28/2023 19:48:53,BLK,,MILK,25%,25%,BOBA,Phoebe ,,TRUE,TRUE,
3/28/2023 19:49:24,JSMN,"KQ, LYCH",,25%,25%,BOBA,Wynn ,,TRUE,TRUE,
3/28/2023 19:50:50,TARO,,MILK,25%,75%,BOBA,Elizabeth ,,TRUE,TRUE,
3/28/2023 19:55:48,TARO,,MILK,0%,50%,BOBA,Eliana ,,TRUE,TRUE,
3/28/2023 19:56:18,MTCH,,MILK,0%,,,Eliana,,TRUE,TRUE,
3/28/2023 19:57:22,OLNG,"HNY, PCH",,25%,50%,LYCHEE,Emily,,TRUE,TRUE,
3/28/2023 19:58:21,THAI,,MILK,0%,25%,,Necdet,,TRUE,TRUE,
3/28/2023 19:59:11,JSMN,LYCH,,0%,50%,"LYCHEE, POPPIN",Grace ,,TRUE,TRUE,
3/28/2023 19:59:45,THAI,,MILK,50%,100%,BOBA,Kiara ,,TRUE,TRUE,
3/28/2023 20:00:38,JSMN,WNTML,MILK,25%,100%,BOBA,Marcella ,,TRUE,TRUE,
3/28/2023 20:01:07,DTYMTCH,,MILK,,,,Shreya ,,TRUE,TRUE,
3/28/2023 20:01:47,"BLK, BSL",,MILK,50%,100%,BOBA,Shreya (add a 20ml bsl),,TRUE,TRUE,
3/28/2023 20:02:30,JSMN,,MILK,25%,50%,BOBA,andy ,,TRUE,TRUE,
3/28/2023 20:03:13,DTYMTCH,,MILK,,,BOBA,helene,,TRUE,TRUE,
3/28/2023 20:09:07,JSMN,,MILK,25%,0%,BOBA,serenat,,TRUE,TRUE,
3/28/2023 20:10:32,MTCH,,MILK,25%,,BOBA,sarah,,TRUE,TRUE,
3/28/2023 20:11:30,THAI,,MILK,50%,75%,BOBA,laura,,TRUE,TRUE,
3/28/2023 20:12:53,JSMN,,MILK,50%,75%,BOBA,eleni,,TRUE,TRUE,
3/28/2023 20:13:40,JSMN,,MILK,0%,75%,BOBA,cozy,,TRUE,TRUE,
3/28/2023 20:14:18,BLK,,MILK,0%,75%,BOBA,emma,,TRUE,TRUE,
3/28/2023 20:14:45,BLK,,MILK,25%,75%,BOBA,jacky,,TRUE,TRUE,
3/28/2023 20:15:20,THAI,,MILK,50%,50%,BOBA,alan,,TRUE,TRUE,
3/28/2023 20:15:44,THAI,,MILK,50%,50%,BOBA,alan 2,,TRUE,TRUE,
3/28/2023 20:16:34,THAI,,MILK,100%,50%,BOBA,taylor,,TRUE,TRUE,
3/28/2023 20:16:50,BSL,,MILK,,,BOBA,taylor 2,,TRUE,TRUE,
3/28/2023 20:17:33,JSMN,"MNGO, PSNFRT",,25%,75%,LYCHEE,bianca,,TRUE,TRUE,
3/28/2023 20:18:51,JSMN,KQ,,50%,25%,BOBA,sophia extra boba,,TRUE,TRUE,
3/28/2023 20:19:24,JSMN,,MILK,50%,50%,BOBA,deana,,TRUE,TRUE,
3/28/2023 20:20:17,JSMN,,Almond,50%,50%,BOBA,olivia,,TRUE,TRUE,
3/28/2023 20:20:50,BSL,,MILK,,,BOBA,camden,,TRUE,TRUE,
3/28/2023 20:21:22,BSL,,MILK,,125%,BOBA,noor <3 ,,TRUE,TRUE,
3/28/2023 20:22:18,BLK,MNGO,,25%,75%,BOBA,sophie,,TRUE,TRUE,
3/28/2023 20:22:52,BSL,,Soy,,,BOBA,ruthie,,TRUE,TRUE,
3/28/2023 20:23:24,THAI,,MILK,100%,50%,BOBA,amanda,,TRUE,TRUE,
3/28/2023 20:23:44,THAI,,MILK,50%,50%,BOBA,amanda 2,,TRUE,TRUE,
3/28/2023 20:24:32,DTYMTCH,,MILK,,,BOBA,rom,,TRUE,TRUE,
3/28/2023 20:26:28,BSL,,Oat,,,BOBA,cooper,,TRUE,TRUE,
3/28/2023 20:26:57,JSMN,"MNGO, PSNFRT",,0%,50%,LYCHEE,cooper 2,,TRUE,TRUE,
3/28/2023 20:28:41,JSMN,"MNGO, PSNFRT",,25%,50%,LYCHEE,anissa,,TRUE,TRUE,
3/28/2023 20:30:05,BSL,,MILK,,,BOBA,leo,,TRUE,TRUE,
3/28/2023 20:30:54,TARO,,MILK,,,BOBA,maddie,,TRUE,TRUE,
3/28/2023 20:31:31,BLK,ROSE,MILK,50%,50%,BOBA,sarah,,TRUE,TRUE,
3/28/2023 20:31:59,BLK,,MILK,25%,75%,BOBA,ash,,TRUE,TRUE,
3/28/2023 20:32:32,JSMN,,MILK,25%,75%,BOBA,li,,TRUE,TRUE,
3/28/2023 20:33:06,TARO,,MILK,,50%,BOBA,matthew ,,TRUE,TRUE,
3/28/2023 20:33:26,TARO,,MILK,,50%,BOBA,matthew 2 ,,TRUE,TRUE,
3/28/2023 20:34:11,JSMN,PCH,,,75%,POPPIN,daniel,,TRUE,TRUE,
3/28/2023 20:35:12,MTCH,,MILK,,,BOBA,josh 1,,TRUE,TRUE,
3/28/2023 20:35:25,BLK,,,0%,50%,BOBA,josh 2,,TRUE,TRUE,
3/28/2023 20:35:45,OLNG,MNGO,,75%,50%,BOBA,josh 3,,TRUE,TRUE,
3/28/2023 20:36:14,JSMN,,MILK,100%,100%,BOBA,annie,,TRUE,TRUE,
3/28/2023 20:36:50,JSMN,"MNGO, PSNFRT",,100%,100%,"BOBA, LYCHEE",annie 2,,TRUE,TRUE,
3/28/2023 20:37:56,JSMN,"MNGO, PSNFRT",,50%,75%,BOBA,mariana,,TRUE,TRUE,
3/28/2023 20:38:52,THAI,,MILK,25%,75%,BOBA,rico,,TRUE,TRUE,
3/28/2023 20:39:52,BLK,,Almond,25%,0%,BOBA,talia,,TRUE,TRUE,
3/28/2023 20:40:57,JSMN,"MNGO, PSNFRT",,75%,25%,POPPIN,hannah,,TRUE,TRUE,
3/28/2023 20:41:17,THAI,,MILK,100%,100%,BOBA,betsua,,TRUE,TRUE,
3/28/2023 20:42:19,MTCH,,Oat,,,BOBA,betsua extra matcha,,TRUE,TRUE,
3/28/2023 20:42:57,BLK,,MILK,50%,50%,"BOBA, LYCHEE",elizabeth,,TRUE,TRUE,
3/28/2023 20:44:37,JSMN,WNTML,MILK,50%,50%,POPPIN,derek,,TRUE,TRUE,
3/28/2023 20:45:17,JSMN,"MNGO, PSNFRT",,25%,25%,BOBA,alessio,,TRUE,TRUE,
3/28/2023 20:46:21,BSL,,MILK,,,BOBA,daisy,,TRUE,TRUE,
3/28/2023 20:47:02,BSL,,Oat,,,BOBA,jonna,,TRUE,TRUE,
3/28/2023 20:48:15,BSL,,MILK,,,BOBA,alex,,TRUE,TRUE,
3/28/2023 20:49:07,OLNG,"HNY, PCH",,50%,100%,BOBA,emrys,,TRUE,TRUE,
3/28/2023 20:49:23,JSMN,,MILK,50%,50%,BOBA,bella,,TRUE,TRUE,
3/28/2023 20:49:55,THAI,,MILK,75%,50%,BOBA,adrian,,TRUE,TRUE,
3/28/2023 20:50:31,OLNG,ROSE,,25%,25%,BOBA,sebastian,,TRUE,TRUE,
3/28/2023 20:51:06,JSMN,"KQ, LYCH",,50%,75%,LYCHEE,angelis,,TRUE,TRUE,
3/28/2023 20:51:42,BSL,,Oat,,,BOBA,marissa,,TRUE,TRUE,
3/28/2023 20:52:16,JSMN,,MILK,50%,50%,BOBA,amelia,,TRUE,TRUE,
3/28/2023 20:53:00,JSMN,,MILK,50%,75%,BOBA,angie,,TRUE,TRUE,
3/28/2023 20:53:36,JSMN,"MNGO, PSNFRT",,75%,100%,BOBA,rachel,,TRUE,TRUE,
3/28/2023 20:54:29,MTCH,,MILK,,,BOBA,oscar,,TRUE,TRUE,
3/28/2023 20:54:57,OLNG,,MILK,75%,50%,BOBA,aiko,,TRUE,TRUE,
3/28/2023 20:55:30,TARO,,MILK,,50%,BOBA,sammy,,TRUE,TRUE,
3/28/2023 20:56:08,JSMN,"MNGO, PSNFRT",,75%,50%,BOBA,abby,,TRUE,TRUE,
3/28/2023 20:56:52,OLNG,,MILK,75%,0%,BOBA,eunice,,TRUE,TRUE,
3/28/2023 20:58:13,JSMN,ROSE,MILK,25%,25%,BOBA,dianna,,TRUE,TRUE,
3/28/2023 20:59:53,JSMN,"MNGO, ROSE, WNTML",MILK,0%,100%,BOBA,tesfa,,TRUE,TRUE,
3/28/2023 21:01:06,BSL,,MILK,,,BOBA,gabby less boba,,TRUE,TRUE,
3/28/2023 21:01:44,JSMN,PCH,,50%,50%,LYCHEE,claire,,TRUE,TRUE,
3/28/2023 21:02:25,BLK,PCH,,0%,75%,LYCHEE,kayla,,TRUE,TRUE,
3/28/2023 21:03:34,TARO,,Almond,,50%,BOBA,hanna,,TRUE,TRUE,
3/28/2023 21:04:16,BLK,"MNGO, PCH",,0%,50%,BOBA,harris,,FALSE,TRUE,
3/28/2023 21:05:42,TARO,,MILK,,75%,BOBA,toby,,TRUE,TRUE,
3/28/2023 21:06:11,JSMN,,MILK,25%,25%,BOBA,larry,,TRUE,TRUE,
3/28/2023 21:07:14,BLK,,MILK,25%,25%,BOBA,ru,,TRUE,TRUE,
3/28/2023 21:07:52,MTCH,,MILK,,,BOBA,graham,,TRUE,TRUE,
3/28/2023 21:08:14,JSMN,,MILK,50%,75%,BOBA,graham 2,,TRUE,TRUE,
3/28/2023 21:09:19,BLK,,MILK,0%,100%,"LYCHEE, POPPIN",gordon,,TRUE,TRUE,
3/28/2023 21:10:45,THAI,,MILK,50%,50%,BOBA,stephanie,,TRUE,TRUE,
3/28/2023 21:11:21,TARO,,Oat,,50%,BOBA,niketa,,TRUE,TRUE,
3/28/2023 21:12:10,JSMN,,MILK,25%,75%,BOBA,katelyn,,TRUE,TRUE,
3/28/2023 21:15:21,THAI,,MILK,25%,50%,,kendrick,,TRUE,TRUE,
3/28/2023 21:16:07,JSMN,"KQ, LYCH",,25%,100%,POPPIN,nas,,TRUE,TRUE,
3/28/2023 21:17:02,JSMN,"KQ, LYCH",,50%,75%,LYCHEE,joya,,TRUE,TRUE,
3/28/2023 21:17:44,BLK,,MILK,25%,75%,LYCHEE,trisha,,TRUE,TRUE,
3/28/2023 21:18:43,TARO,,MILK,0%,25%,,rosie,,TRUE,TRUE,
3/28/2023 21:19:36,TARO,,MILK,,,,rahul,,TRUE,TRUE,
3/28/2023 21:20:04,OLNG,PCH,,50%,25%,POPPIN,kira,,TRUE,TRUE,
3/28/2023 21:20:51,JSMN,"KQ, LYCH",,50%,50%,POPPIN,emma,,TRUE,TRUE,
3/28/2023 21:21:39,JSMN,"KQ, LYCH",,50%,50%,LYCHEE,stella,,TRUE,TRUE,
3/28/2023 21:22:39,JSMN,,MILK,25%,0%,LYCHEE,hannah,,TRUE,TRUE,
3/28/2023 21:23:20,JSMN,PSNFRT,,50%,50%,POPPIN,emily,,TRUE,TRUE,
3/28/2023 21:24:03,JSMN,WNTML,MILK,25%,75%,LYCHEE,judy hopps,,TRUE,TRUE,
3/28/2023 21:26:21,DTYMTCH,,MILK,,,,lauen,,TRUE,TRUE,
3/28/2023 21:26:50,MTCH,,Almond,,,LYCHEE,lo,,TRUE,TRUE,
3/28/2023 21:30:02,BLK,PSNFRT,,25%,50%,POPPIN,max,,TRUE,TRUE,
3/28/2023 21:31:00,JSMN,"MNGO, PSNFRT",,25%,75%,POPPIN,gunna,,TRUE,TRUE,
3/28/2023 21:31:46,JSMN,"MNGO, PSNFRT",,25%,50%,LYCHEE,ryan,,TRUE,TRUE,
3/28/2023 21:32:13,JSMN,"MNGO, PSNFRT",,25%,50%,"LYCHEE, POPPIN",ryan 2,,TRUE,TRUE,
3/28/2023 21:32:56,TARO,,MILK,,25%,,saru,,TRUE,TRUE,
3/30/2023 19:15:57,BLK,,MILK,50%,50%,"BOBA, LYCHEE",elizabeth,,,TRUE,
3/30/2023 19:17:13,JSMN,"KQ, PSNFRT",,50%,50%,BOBA,desa,,TRUE,TRUE,
3/30/2023 19:17:32,BSL,,MILK,,125%,BOBA,noor <3,,TRUE,TRUE,
3/30/2023 19:18:05,TARO,,Oat,,25%,BOBA,hannah,,TRUE,TRUE,
3/30/2023 19:19:08,BSL,,MILK,,,BOBA,alia,,TRUE,TRUE,
3/30/2023 19:19:45,THAI,,MILK,25%,75%,BOBA,ava,,TRUE,TRUE,
3/30/2023 19:20:48,JSMN,,MILK,0%,50%,"BOBA, LYCHEE",samika whole milk,,TRUE,TRUE,
3/30/2023 19:21:13,JSMN,,MILK,25%,100%,BOBA,sadie,,TRUE,TRUE,
3/30/2023 19:22:11,DTYMTCH,,MILK,,,,carina,,TRUE,TRUE,
3/30/2023 19:23:06,JSMN,"KQ, LYCH",,50%,50%,BOBA,serena,,TRUE,TRUE,
3/30/2023 19:24:39,THAI,,MILK,25%,75%,BOBA,jada,,TRUE,TRUE,
3/30/2023 19:26:35,TARO,,Almond,,50%,,katie,,TRUE,TRUE,
3/30/2023 19:27:38,JSMN,"MNGO, PSNFRT",,0%,25%,BOBA,adam,,TRUE,TRUE,
3/30/2023 19:28:30,BLK,,MILK,0%,75%,BOBA,eileen,,TRUE,TRUE,
3/30/2023 19:29:33,DTYMTCH,,MILK,,,BOBA,david,,TRUE,TRUE,
3/30/2023 19:30:25,BSL,,MILK,,,BOBA,steven,,TRUE,TRUE,
3/30/2023 19:30:54,BSL,,MILK,,,BOBA,john,,TRUE,TRUE,
3/30/2023 19:31:29,JSMN,WNTML,MILK,0%,100%,BOBA,shawn,,TRUE,TRUE,
3/30/2023 19:32:38,JSMN,,MILK,25%,75%,LYCHEE,helene,,TRUE,TRUE,
3/30/2023 19:33:38,MTCH,,Soy,,,BOBA,andrea,,TRUE,TRUE,
3/30/2023 19:35:52,BSL,,MILK,,,BOBA,leo,,TRUE,TRUE,
3/30/2023 19:36:45,OLNG,,MILK,25%,100%,BOBA,leslie,,TRUE,TRUE,
3/30/2023 19:37:14,JSMN,,MILK,25%,0%,LYCHEE,shuyan,,TRUE,TRUE,
3/30/2023 19:38:54,BLK,,MILK,50%,75%,BOBA,sim,,TRUE,TRUE,
3/30/2023 19:40:41,TARO,,Almond,,100%,BOBA,leticia,,TRUE,TRUE,
3/30/2023 19:41:58,JSMN,"KQ, LYCH",,50%,75%,BOBA,max,,TRUE,TRUE,
3/30/2023 19:45:07,THAI,,MILK,50%,75%,BOBA,lucy,,TRUE,TRUE,
3/30/2023 19:45:51,OLNG,"HNY, PCH",,25%,50%,POPPIN,aviva,,TRUE,TRUE,
3/30/2023 19:46:39,JSMN,"MNGO, PSNFRT",,50%,75%,BOBA,derrius,,TRUE,TRUE,
3/30/2023 19:48:06,BSL,,MILK,,,BOBA,oscar,,TRUE,TRUE,
3/30/2023 19:49:43,TARO,,MILK,,50%,BOBA,sarah,,TRUE,TRUE,
3/30/2023 19:50:17,TARO,,MILK,0%,100%,BOBA,sarah 2,,TRUE,TRUE,
3/30/2023 19:51:18,JSMN,PCH,,50%,50%,LYCHEE,claire,,TRUE,TRUE,
3/30/2023 19:52:19,THAI,,MILK,100%,100%,BOBA,laura,,TRUE,TRUE,
3/30/2023 19:54:23,JSMN,MNGO,,25%,25%,BOBA,ora,,TRUE,TRUE,
3/30/2023 19:54:53,BLK,ROSE,MILK,50%,50%,BOBA,ora 2,,TRUE,TRUE,
3/30/2023 19:56:25,DTYMTCH,,MILK,,,BOBA,rom,,TRUE,TRUE,
3/30/2023 19:57:45,THAI,,MILK,25%,50%,BOBA,zoe,,TRUE,TRUE,
3/30/2023 19:58:12,THAI,,MILK,25%,50%,BOBA,sasha,,TRUE,TRUE,
3/30/2023 19:58:38,THAI,,MILK,25%,50%,BOBA,sasha 2 ,,TRUE,TRUE,
3/30/2023 19:59:49,THAI,,MILK,75%,50%,BOBA,taylor,,TRUE,TRUE,
3/30/2023 20:00:25,THAI,,MILK,75%,50%,BOBA,bella,,TRUE,TRUE,
3/30/2023 20:01:16,BLK,,MILK,25%,50%,BOBA,eshanya,,TRUE,TRUE,
3/30/2023 20:01:48,THAI,,MILK,50%,75%,BOBA,carolyn,,TRUE,TRUE,
3/30/2023 20:03:08,JSMN,WNTML,MILK,0%,50%,BOBA,jenny,,TRUE,TRUE,
3/30/2023 20:03:57,BLK,,MILK,25%,75%,BOBA,jacky,,TRUE,TRUE,
3/30/2023 20:04:53,TARO,,MILK,0%,75%,BOBA,melinda,,TRUE,TRUE,
3/30/2023 20:05:51,TARO,,MILK,0%,0%,LYCHEE,pip,,TRUE,TRUE,
3/30/2023 20:06:54,JSMN,"MNGO, PSNFRT",,50%,50%,"BOBA, LYCHEE",emily,,TRUE,TRUE,
3/30/2023 20:07:37,THAI,,MILK,75%,50%,BOBA,camille,,TRUE,TRUE,
3/30/2023 20:08:11,JSMN,,MILK,0%,50%,LYCHEE,zander,,TRUE,TRUE,
3/30/2023 20:09:07,DTYMTCH,,Oat,50%,,BOBA,dora,,TRUE,TRUE,
3/30/2023 20:09:52,MTCH,,MILK,,,BOBA,nathan,,TRUE,TRUE,
3/30/2023 20:10:38,JSMN,PCH,,25%,75%,POPPIN,daniel,,TRUE,TRUE,
3/30/2023 20:11:28,BLK,,MILK,75%,50%,BOBA,charlotte,,TRUE,TRUE,
3/30/2023 20:12:07,JSMN,PCH,,50%,25%,BOBA,sophia,,TRUE,TRUE,
3/30/2023 20:12:56,JSMN,PCH,,25%,50%,"BOBA, LYCHEE",alexandra,,TRUE,TRUE,
3/30/2023 20:13:55,JSMN,"LYCH, PCH",,50%,50%,LYCHEE,mia,,TRUE,TRUE,
3/30/2023 20:15:09,BLK,,MILK,100%,100%,BOBA,leo,,TRUE,TRUE,
3/30/2023 20:15:50,BSL,,MILK,,,BOBA,aru,,TRUE,TRUE,
3/30/2023 20:16:10,TARO,,Oat,,50%,BOBA,aru 2,,TRUE,TRUE,
3/30/2023 20:17:00,JSMN,"MNGO, PSNFRT",,100%,100%,BOBA,max,,TRUE,TRUE,
3/30/2023 20:18:05,JSMN,"MNGO, PSNFRT",,100%,100%,"BOBA, LYCHEE",sienna (tsl),,TRUE,TRUE,
3/30/2023 20:19:04,JSMN,"MNGO, PSNFRT",,100%,25%,POPPIN,hannah (tsl),,TRUE,TRUE,
3/30/2023 20:19:34,JSMN,WNTML,MILK,100%,50%,BOBA,bella (tsl),,TRUE,TRUE,
3/30/2023 20:20:15,JSMN,"KQ, LYCH",,100%,50%,LYCHEE,gerret (tsl),,TRUE,TRUE,
3/30/2023 20:20:49,JSMN,"MNGO, PSNFRT",,25%,50%,POPPIN,jenna (tsl),,TRUE,TRUE,
3/30/2023 20:21:22,BLK,ROSE,MILK,50%,50%,BOBA,joey,,TRUE,TRUE,
3/30/2023 20:23:33,BSL,,MILK,,,BOBA,izzy,,TRUE,TRUE,
3/30/2023 20:24:15,BSL,,MILK,,,BOBA,catelyn,,TRUE,TRUE,
3/30/2023 20:25:32,BLK,ROSE,MILK,75%,100%,LYCHEE,akosua,,TRUE,TRUE,
3/30/2023 20:26:33,THAI,,MILK,25%,100%,BOBA,jonah,,TRUE,TRUE,
3/30/2023 20:27:16,BLK,,,25%,50%,BOBA,jacinda (just add fructose),,TRUE,TRUE,
3/30/2023 20:28:27,TARO,,MILK,25%,25%,BOBA,ben,,TRUE,TRUE,
3/30/2023 20:33:40,JSMN,"MNGO, PSNFRT",,25%,25%,BOBA,alessio,,TRUE,TRUE,
3/30/2023 20:34:05,TARO,,MILK,,25%,BOBA,alessio 2,,TRUE,TRUE,
3/30/2023 20:34:48,BLK,,MILK,50%,100%,BOBA,may,,TRUE,TRUE,
3/30/2023 20:37:09,BLK,ROSE,MILK,0%,75%,BOBA,katie,,TRUE,TRUE,
3/30/2023 20:37:57,MTCH,,MILK,,,BOBA,katrina,,TRUE,TRUE,
3/30/2023 20:39:23,JSMN,WNTML,MILK,25%,75%,BOBA,bob,,TRUE,TRUE,
3/30/2023 20:41:02,JSMN,"KQ, LYCH",,50%,50%,BOBA,zora,,TRUE,TRUE,
3/30/2023 20:41:51,THAI,,MILK,25%,100%,BOBA,maggie,,TRUE,TRUE,
3/30/2023 20:42:53,OLNG,"HNY, PCH",,25%,25%,,eve,,TRUE,TRUE,
3/30/2023 20:43:58,JSMN,"MNGO, PSNFRT",,100%,25%,BOBA,eloise,,TRUE,TRUE,
3/30/2023 20:45:58,JSMN,"PSNFRT, PCH",,50%,50%,LYCHEE,paige,,TRUE,TRUE,
3/30/2023 20:47:08,TARO,,MILK,,75%,BOBA,maddie,,TRUE,TRUE,
3/30/2023 20:47:37,TARO,,MILK,0%,50%,BOBA,sue,,TRUE,TRUE,
3/30/2023 20:48:03,MTCH,,Almond,,,BOBA,rosie,,TRUE,TRUE,
3/30/2023 20:50:00,TARO,,Soy,,25%,BOBA,reia,,TRUE,TRUE,
3/30/2023 20:51:27,BSL,,MILK,,,BOBA,nick,,TRUE,TRUE,
3/30/2023 20:52:34,JSMN,PCH,,0%,50%,BOBA,joana,,TRUE,TRUE,
3/30/2023 20:53:24,JSMN,,MILK,25%,25%,BOBA,kaya (kay-yuh),,TRUE,TRUE,
3/30/2023 20:54:30,TARO,,Oat,,100%,"BOBA, LYCHEE",jules,,TRUE,TRUE,
3/30/2023 20:55:19,THAI,,MILK,25%,25%,BOBA,alex,,TRUE,TRUE,
3/30/2023 20:56:14,JSMN,"MNGO, PSNFRT",,25%,50%,BOBA,stephanie,,TRUE,TRUE,
3/30/2023 20:57:10,BSL,,MILK,,,BOBA,krissah,,TRUE,TRUE,
3/30/2023 20:57:37,JSMN,"MNGO, PSNFRT",,25%,75%,BOBA,krissah 2,,TRUE,TRUE,
3/30/2023 20:59:34,JSMN,"KQ, LYCH",,25%,100%,LYCHEE,lauren,,TRUE,TRUE,
3/30/2023 20:59:54,JSMN,"KQ, LYCH",,25%,50%,,lauren 2,,TRUE,TRUE,
3/30/2023 21:02:57,TARO,,MILK,,50%,BOBA,brenda,,TRUE,TRUE,
3/30/2023 21:04:42,JSMN,,MILK,25%,75%,BOBA,piper,,TRUE,TRUE,
3/30/2023 21:05:03,BSL,,MILK,,,BOBA,piper 2,,TRUE,TRUE,
3/30/2023 21:05:40,THAI,,MILK,25%,50%,BOBA,piper 3,,TRUE,TRUE,
3/30/2023 21:07:13,JSMN,"MNGO, PSNFRT",,25%,75%,"BOBA, POPPIN",bob,,TRUE,TRUE,
3/30/2023 21:11:46,JSMN,"MNGO, PSNFRT",,25%,25%,BOBA,alessio,,TRUE,TRUE,
3/30/2023 21:15:06,JSMN,WNTML,MILK,50%,50%,BOBA,Seohyeon,,TRUE,TRUE,
3/30/2023 21:16:37,OLNG,"HNY, PCH",,25%,75%,LYCHEE,hana,,TRUE,TRUE,
3/30/2023 21:19:24,OLNG,"HNY, PCH",,50%,75%,LYCHEE,amy,,TRUE,TRUE,
3/30/2023 21:20:12,JSMN,,MILK,0%,50%,,Amy,,TRUE,TRUE,
3/30/2023 21:21:10,BLK,,MILK,25%,25%,BOBA,Olivis,,TRUE,TRUE,
3/30/2023 21:21:41,BLK,ROSE,MILK,25%,25%,BOBA,Emily,,TRUE,TRUE,
3/30/2023 21:22:30,BLK,"MNGO, PSNFRT",,25%,50%,BOBA,Dean,,TRUE,TRUE,
3/30/2023 21:23:28,TARO,,MILK,100%,100%,BOBA,Tyler,,TRUE,TRUE,
3/30/2023 21:24:44,OLNG,"HNY, KQ",,25%,75%,BOBA,erin,,TRUE,TRUE,
3/30/2023 21:27:06,THAI,,MILK,25%,75%,BOBA,riley,,TRUE,TRUE,
3/30/2023 21:27:27,THAI,,MILK,25%,75%,BOBA,riley 2,,TRUE,TRUE,
3/30/2023 21:28:16,THAI,,MILK,50%,75%,BOBA,devin,,TRUE,TRUE,
3/30/2023 21:28:47,BLK,,MILK,25%,25%,BOBA,ru,,TRUE,TRUE,
3/30/2023 21:30:06,OLNG,,MILK,50%,25%,BOBA,steven,,TRUE,TRUE,
3/30/2023 21:31:14,MTCH,,MILK,,,BOBA,alexej,,TRUE,TRUE,
3/30/2023 21:31:39,BSL,,Almond,,,BOBA,alexej,,TRUE,TRUE,
3/30/2023 21:33:24,BLK,MNGO,,100%,75%,LYCHEE,gabby,,TRUE,TRUE,
3/30/2023 21:34:12,BLK,MNGO,,100%,50%,POPPIN,ciela,,TRUE,TRUE,
3/30/2023 21:35:57,BLK,PSNFRT,,75%,100%,"BOBA, POPPIN",stephanie,,TRUE,TRUE,
3/30/2023 21:36:48,BLK,LYCH,,25%,25%,LYCHEE,carl,,TRUE,TRUE,
3/30/2023 21:37:37,MTCH,,MILK,,,,ben,,TRUE,,
3/30/2023 21:38:15,THAI,,MILK,25%,100%,BOBA,cat,,TRUE,TRUE,
3/30/2023 21:39:49,OLNG,WNTML,MILK,0%,25%,"BOBA, LYCHEE",zoe,,TRUE,TRUE,
4/6/2023 19:12:54,BLK,,MILK,25%,75%,BOBA,Eliyah ,,TRUE,TRUE,
4/6/2023 19:13:37,THAI,,MILK,25%,75%,BOBA,Ava ,,TRUE,TRUE,
4/6/2023 19:15:11,OLNG,,MILK,50%,75%,BOBA,Ruthie ,,TRUE,TRUE,
4/6/2023 19:16:56,JSMN,,MILK,50%,50%,BOBA,Claire,,TRUE,TRUE,
4/6/2023 19:18:01,THAI,,MILK,0%,75%,BOBA,Essi ,,TRUE,TRUE,
4/6/2023 19:35:26,THAI,,MILK,50%,50%,BOBA,Ella,,TRUE,TRUE,
4/6/2023 19:36:15,JSMN,"MNGO, PSNFRT",,50%,75%,POPPIN,Hadley,,TRUE,TRUE,
4/6/2023 19:36:46,JSMN,WNTML,MILK,25%,75%,LYCHEE,Hannah,,TRUE,TRUE,
4/6/2023 19:37:20,JSMN,,MILK,25%,75%,BOBA,Taryn,,TRUE,TRUE,
4/6/2023 19:37:37,BSL,,MILK,,,BOBA,Eli,,TRUE,TRUE,
4/6/2023 19:38:46,JSMN,WNTML,MILK,100%,50%,BOBA,Birch,,TRUE,TRUE,
4/6/2023 19:39:58,JSMN,,MILK,50%,50%,BOBA,Isabelle,,TRUE,TRUE,
4/6/2023 19:41:45,BLK,LYCH,,25%,25%,"BOBA, LYCHEE",Nicole,,TRUE,TRUE,
4/6/2023 19:42:34,JSMN,WNTML,MILK,0%,100%,BOBA,shawn,,TRUE,TRUE,
4/6/2023 19:43:00,THAI,,MILK,100%,100%,BOBA,shawn,,TRUE,TRUE,
4/6/2023 19:43:44,BLK,,MILK,0%,50%,BOBA,eleanor,,TRUE,TRUE,
4/6/2023 19:44:22,JSMN,"MNGO, PSNFRT",,25%,100%,BOBA,meraal,,TRUE,TRUE,
4/6/2023 19:45:18,JSMN,"LYCH, ROSE",,100%,100%,LYCHEE,noor <3,,TRUE,TRUE,
4/6/2023 19:46:09,BSL,,MILK,,,BOBA,anna,,TRUE,TRUE,
4/6/2023 19:47:48,THAI,,MILK,100%,75%,BOBA,eloise,,TRUE,TRUE,
4/6/2023 19:48:17,THAI,,MILK,50%,75%,BOBA,paige,,TRUE,TRUE,
4/6/2023 19:49:32,BLK,ROSE,MILK,100%,100%,BOBA,kimberly,,TRUE,TRUE,
4/6/2023 19:50:25,JSMN,,MILK,100%,100%,POPPIN,kimberly 2,,TRUE,TRUE,
4/6/2023 19:51:55,JSMN,ROSE,,25%,50%,,ana,,TRUE,TRUE,
4/6/2023 19:52:35,BLK,MNGO,,50%,50%,,ally,,TRUE,TRUE,
4/6/2023 19:53:26,THAI,,MILK,25%,75%,BOBA,bob,,TRUE,TRUE,
4/6/2023 20:00:25,BLK,,MILK,50%,75%,BOBA,anna,,TRUE,TRUE,
4/6/2023 20:00:56,,,,0%,,BOBA,kyle - chai,,TRUE,TRUE,
4/6/2023 20:02:27,,,,,,BOBA,grace - special,,TRUE,TRUE,
4/6/2023 20:02:57,JSMN,"MNGO, PSNFRT",,0%,50%,LYCHEE,grace 2,,TRUE,TRUE,
4/6/2023 20:04:17,JSMN,"MNGO, PSNFRT",,25%,25%,BOBA,adam,,TRUE,TRUE,
4/6/2023 20:04:52,BLK,,MILK,25%,50%,,patrick,,TRUE,TRUE,
4/6/2023 20:05:32,BSL,,MILK,,,BOBA,maddie,,TRUE,TRUE,
4/6/2023 20:06:29,BLK,,MILK,100%,100%,BOBA,ishita - w brown sugar,,TRUE,TRUE,
4/6/2023 20:07:37,OLNG,"HNY, PCH",,50%,50%,LYCHEE,mira,,TRUE,TRUE,
4/6/2023 20:08:45,THAI,,MILK,25%,75%,BOBA,alexandra,,TRUE,TRUE,
4/6/2023 20:09:37,OLNG,WNTML,MILK,0%,50%,BOBA,josh,,TRUE,TRUE,
4/6/2023 20:09:53,MTCH,,MILK,75%,,BOBA,josh 2,,TRUE,TRUE,
4/6/2023 20:10:10,JSMN,MNGO,,100%,75%,BOBA,josh 3,,TRUE,TRUE,
4/6/2023 20:11:08,JSMN,"MNGO, PSNFRT",,25%,25%,BOBA,emmy,,TRUE,TRUE,
4/6/2023 20:11:38,JSMN,"MNGO, PSNFRT",,25%,25%,BOBA,alessio,,TRUE,TRUE,
4/6/2023 20:12:11,BLK,ROSE,MILK,50%,50%,"BOBA, LYCHEE",lee,,TRUE,TRUE,
4/6/2023 20:12:45,SPECIAL,,MILK,,,BOBA,shark special,,TRUE,TRUE,
4/6/2023 20:13:27,OLNG,"HNY, PCH",,100%,100%,"BOBA, LYCHEE",brooke,,TRUE,TRUE,
4/6/2023 20:14:50,JSMN,"MNGO, PSNFRT",,50%,75%,"BOBA, LYCHEE",brooke 2 ,,TRUE,TRUE,
4/6/2023 20:15:19,THAI,,MILK,75%,75%,BOBA,meredith,,TRUE,TRUE,
4/6/2023 20:15:48,SPECIAL,,,,,BOBA,kendrick special,,TRUE,TRUE,
4/6/2023 20:16:03,SPECIAL,,,,,BOBA,catherine boba,,TRUE,TRUE,
4/6/2023 20:16:28,OLNG,"HNY, PCH",,25%,100%,BOBA,kaylin ,,TRUE,TRUE,
4/6/2023 20:16:56,MTCH,,MILK,50%,,BOBA,josh,,TRUE,TRUE,
4/6/2023 20:18:25,SPECIAL,,,50%,,BOBA,sophia extra boba,,TRUE,TRUE,
4/6/2023 20:19:46,BSL,,Almond,,,BOBA,evelyn,,TRUE,TRUE,
4/6/2023 20:20:46,BSL,,MILK,,,BOBA,rosie,,TRUE,TRUE,
4/6/2023 20:21:18,THAI,,MILK,75%,100%,BOBA,mya,,TRUE,TRUE,
4/6/2023 20:22:11,BSL,,MILK,,,BOBA,anna,,TRUE,TRUE,
4/6/2023 20:22:46,BSL,,MILK,,,BOBA,bella,,TRUE,TRUE,
4/6/2023 20:23:46,THAI,,MILK,25%,75%,BOBA,teo,,TRUE,TRUE,
4/6/2023 20:24:40,JSMN,,MILK,50%,50%,BOBA,bella,,TRUE,TRUE,
4/6/2023 20:25:01,MTCH,,MILK,,,BOBA,bella 2,,TRUE,TRUE,
4/6/2023 20:25:47,THAI,,MILK,50%,75%,BOBA,harrison,,TRUE,TRUE,
4/6/2023 20:28:43,BSL,,MILK,,,BOBA,izzy,,TRUE,TRUE,
4/6/2023 20:28:58,BSL,,MILK,,,BOBA,izzy 2,,TRUE,TRUE,
4/6/2023 20:29:41,JSMN,"MNGO, PSNFRT",,100%,100%,BOBA,bianca,,TRUE,TRUE,
4/6/2023 20:30:43,JSMN,"KQ, LYCH",,25%,50%,POPPIN,jessie,,TRUE,TRUE,
4/6/2023 20:31:08,BSL,,MILK,,,BOBA,izzy 3,,TRUE,TRUE,
4/6/2023 20:31:46,BLK,,MILK,25%,50%,BOBA,elizabeth ,,TRUE,TRUE,
4/6/2023 20:32:08,BLK,,MILK,50%,50%,"BOBA, LYCHEE",elizabeth 2,,TRUE,TRUE,
4/6/2023 20:33:03,BLK,,MILK,100%,25%,BOBA,ella,,TRUE,TRUE,
4/6/2023 20:33:41,THAI,,MILK,50%,50%,BOBA,olivia,,TRUE,TRUE,
4/6/2023 20:34:56,BLK,,MILK,50%,50%,BOBA,june,,TRUE,TRUE,
4/6/2023 20:37:51,THAI,,MILK,50%,50%,BOBA,ari,,TRUE,TRUE,
4/6/2023 20:40:57,THAI,,MILK,100%,100%,BOBA,katia,,TRUE,TRUE,
4/6/2023 20:42:33,BLK,ROSE,MILK,25%,75%,BOBA,elsie,,TRUE,TRUE,
4/6/2023 20:43:52,OLNG,"HNY, PCH",,100%,50%,BOBA,margo,,TRUE,TRUE,
4/6/2023 20:44:28,BLK,ROSE,MILK,50%,50%,BOBA,sarah,,TRUE,TRUE,
4/6/2023 20:45:26,JSMN,"LYCH, PSNFRT",,50%,100%,POPPIN,addy,,TRUE,TRUE,
4/6/2023 20:46:46,JSMN,,MILK,25%,75%,BOBA,alice,,TRUE,TRUE,
4/6/2023 20:47:21,SPECIAL,,Oat,,,BOBA,jona,,TRUE,TRUE,
4/6/2023 20:48:00,SPECIAL,,Oat,,,BOBA,ella ,,TRUE,TRUE,
4/6/2023 20:48:38,BLK,,MILK,25%,75%,BOBA,jackie,,TRUE,TRUE,
4/6/2023 20:49:42,BLK,LYCH,,50%,50%,,leila,,TRUE,TRUE,
4/6/2023 20:50:03,JSMN,"KQ, LYCH",,50%,50%,,leila 2,,TRUE,TRUE,
4/6/2023 20:50:29,THAI,,MILK,25%,75%,BOBA,jada,,TRUE,TRUE,
4/6/2023 20:51:20,JSMN,"KQ, LYCH",,25%,50%,BOBA,rico,,TRUE,TRUE,
4/6/2023 20:52:26,JSMN,"KQ, LYCH",,50%,25%,POPPIN,becca,,TRUE,TRUE,
4/6/2023 20:53:28,SPECIAL,,,,,BOBA,blessing ,,TRUE,TRUE,
4/6/2023 20:54:09,JSMN,,MILK,75%,100%,LYCHEE,lauren,,TRUE,TRUE,
4/6/2023 20:55:00,SPECIAL,,MILK,25%,,"BOBA, LYCHEE",karina,,TRUE,TRUE,
4/6/2023 20:55:42,DTYMTCH,,MILK,,,BOBA,sammy,,TRUE,TRUE,
4/6/2023 20:56:14,JSMN,WNTML,MILK,25%,75%,BOBA,emma,,TRUE,TRUE,
4/6/2023 20:56:58,JSMN,WNTML,,50%,50%,LYCHEE,sumi,,TRUE,TRUE,
4/6/2023 20:57:27,OLNG,"HNY, PCH",,50%,50%,BOBA,sumi 2,,TRUE,TRUE,
4/6/2023 20:58:14,BLK,ROSE,MILK,25%,50%,BOBA,lucia,,TRUE,TRUE,
4/6/2023 21:00:08,OLNG,"HNY, PCH",,25%,100%,BOBA,sharon,,TRUE,TRUE,
4/6/2023 21:00:53,JSMN,"MNGO, PSNFRT",,25%,75%,"BOBA, LYCHEE",ryan,,TRUE,TRUE,
4/6/2023 21:03:29,OLNG,"KQ, LYCH",,25%,100%,"BOBA, LYCHEE",ella,,TRUE,TRUE,
4/6/2023 21:06:36,JSMN,"MNGO, PSNFRT",,75%,100%,LYCHEE,grace,,TRUE,TRUE,
4/6/2023 21:07:09,OLNG,"HNY, PCH",,100%,100%,BOBA,lauren,,TRUE,TRUE,
4/6/2023 21:08:20,SPECIAL,,Oat,,,BOBA,ella ,,TRUE,TRUE,
4/6/2023 21:09:34,BLK,,MILK,,50%,BOBA,shelby,,TRUE,TRUE,
4/6/2023 21:10:15,JSMN,"MNGO, PSNFRT",,25%,25%,BOBA,christina,,TRUE,TRUE,
4/6/2023 21:10:43,BSL,,MILK,,,BOBA,christina 2,,TRUE,TRUE,
4/6/2023 21:12:25,JSMN,"MNGO, PSNFRT",,50%,50%,BOBA,maxine,,TRUE,TRUE,
4/6/2023 21:13:12,JSMN,,MILK,25%,100%,BOBA,chris,,TRUE,TRUE,
4/6/2023 21:14:10,BLK,"MNGO, PCH",,25%,50%,BOBA,dean,,TRUE,TRUE,
4/6/2023 21:15:22,BLK,,Oat,0%,50%,,emma,,TRUE,TRUE,
4/6/2023 21:15:58,JSMN,"MNGO, PSNFRT",,,,LYCHEE,joey,,TRUE,TRUE,
4/6/2023 21:16:26,JSMN,"MNGO, PSNFRT",,100%,100%,LYCHEE,joey 2,,TRUE,TRUE,
4/6/2023 21:17:55,JSMN,"MNGO, PSNFRT",,50%,50%,LYCHEE,katie,,TRUE,TRUE,
4/6/2023 21:18:34,BSL,,MILK,,,BOBA,yunju,,TRUE,TRUE,
4/6/2023 21:19:18,BSL,,MILK,,,BOBA,caleb,,TRUE,TRUE,
4/6/2023 21:20:09,BSL,,MILK,,,BOBA,sarah,,TRUE,TRUE,
4/6/2023 21:20:50,BSL,,MILK,,,BOBA,camden,,TRUE,TRUE,
4/6/2023 21:21:40,JSMN,,MILK,50%,50%,BOBA,deanna,,TRUE,TRUE,
4/6/2023 21:22:17,BSL,,Oat,,,BOBA,niketa,,TRUE,TRUE,
4/6/2023 21:22:56,OLNG,ROSE,,25%,25%,LYCHEE,sebastian,,TRUE,TRUE,
4/6/2023 21:23:41,OLNG,,MILK,25%,25%,BOBA,dylan,,TRUE,TRUE,
4/6/2023 21:24:27,JSMN,"MNGO, PSNFRT",,50%,75%,LYCHEE,emma,,TRUE,TRUE,
4/6/2023 21:24:51,JSMN,"KQ, LYCH",,50%,75%,POPPIN,emma 2,,TRUE,TRUE,
4/6/2023 21:25:36,JSMN,PCH,,25%,50%,BOBA,ari,,TRUE,TRUE,
4/6/2023 21:26:17,THAI,,MILK,50%,75%,BOBA,tai,,TRUE,TRUE,
4/6/2023 21:26:47,DTYMTCH,,MILK,,,BOBA,hannah,,TRUE,TRUE,
4/6/2023 21:29:15,JSMN,WNTML,MILK,0%,25%,"BOBA, LYCHEE",zoe,,TRUE,TRUE,
4/6/2023 21:29:38,BLK,,MILK,25%,0%,BOBA,zoe 2,,TRUE,TRUE,
4/6/2023 21:30:59,BSL,,MILK,,,BOBA,carolyn ,,TRUE,TRUE,
4/6/2023 21:31:40,BLK,,MILK,75%,75%,BOBA,marjorie,,TRUE,TRUE,
4/6/2023 21:32:13,JSMN,"MNGO, PSNFRT",,75%,75%,POPPIN,marjorie 2 ,,TRUE,TRUE,
4/6/2023 21:33:07,BSL,,,,,,elena,,TRUE,TRUE,
4/6/2023 21:33:44,JSMN,"MNGO, PSNFRT",,75%,75%,,medha,,TRUE,TRUE,
4/6/2023 21:34:19,MTCH,,MILK,,,BOBA,saru,,TRUE,TRUE,
4/6/2023 21:35:02,BSL,,Almond,,,LYCHEE,molly,,TRUE,TRUE,
4/6/2023 21:35:19,SPECIAL,,MILK,,,BOBA,abby,,TRUE,"m,",
4/6/2023 21:35:52,BLK,ROSE,MILK,25%,50%,BOBA,eric ,,TRUE,TRUE,
4/6/2023 21:36:06,BLK,ROSE,MILK,25%,50%,BOBA,eric 2,,TRUE,TRUE,
4/11/2023 19:16:13,SPECIAL,,MILK,,,BOBA,Jaz,,TRUE,TRUE,
4/11/2023 19:16:57,JSMN,"MNGO, PSNFRT",,25%,75%,LYCHEE,Bianca,,TRUE,TRUE,
4/11/2023 19:17:43,SPECIAL,,,,,BOBA,Aysha,,TRUE,TRUE,
4/11/2023 19:18:40,SPECIAL,,Oat,,,BOBA,Jaylyn,,TRUE,TRUE,
4/11/2023 19:19:20,JSMN,"KQ, LYCH",,25%,75%,,Terren e,,TRUE,TRUE,
4/11/2023 19:20:43,JSMN,,MILK,50%,75%,BOBA,Jezzica,,TRUE,TRUE,
4/11/2023 19:21:38,BSL,,MILK,,,BOBA,Remi,,TRUE,TRUE,
4/11/2023 19:22:05,TARO,,MILK,,50%,BOBA,Emily,,TRUE,TRUE,
4/11/2023 19:22:36,SPECIAL,,MILK,,,BOBA,Anna,,TRUE,TRUE,
4/11/2023 19:23:01,TARO,,MILK,,75%,BOBA,Sydney,,TRUE,TRUE,
4/11/2023 19:24:01,TARO,,MILK,0%,100%,BOBA,Sarah 1,,TRUE,TRUE,
4/11/2023 19:24:36,JSMN,"MNGO, PSNFRT",,25%,25%,LYCHEE,Sarah 2,,TRUE,TRUE,
4/11/2023 19:25:49,SPECIAL,,MILK,,,BOBA,Vivien,,FALSE,TRUE,
4/11/2023 19:26:32,BLK,ROSE,MILK,50%,75%,BOBA,Bella,,TRUE,TRUE,
4/11/2023 19:27:50,JSMN,"MNGO, PSNFRT",,50%,50%,BOBA,Kit,,TRUE,TRUE,
4/11/2023 19:28:28,SPECIAL,,MILK,,,BOBA,Lauren,,TRUE,TRUE,
4/11/2023 19:29:01,MTCH,,MILK,,,BOBA,michael,,TRUE,TRUE,
4/11/2023 19:29:27,BLK,,MILK,75%,75%,BOBA,Anna,,TRUE,TRUE,
4/11/2023 19:30:20,BLK,ROSE,MILK,50%,50%,BOBA,Brandon,,TRUE,TRUE,
4/11/2023 19:31:16,JSMN,"KQ, LYCH",,25%,100%,BOBA,Josh,,TRUE,TRUE,
4/11/2023 19:33:06,OLNG,WNTML,MILK,0%,50%,BOBA,Phyllis 1,,TRUE,TRUE,
4/11/2023 19:33:32,OLNG,PSNFRT,,50%,50%,BOBA,Phyllis 2,,TRUE,TRUE,
4/11/2023 19:34:11,THAI,,MILK,25%,75%,BOBA,Phyllis 3,,TRUE,TRUE,
4/11/2023 19:35:21,OLNG,MNGO,,25%,50%,BOBA,Phyllis 4,,TRUE,TRUE,
4/11/2023 19:35:47,THAI,,MILK,100%,50%,BOBA,Taylor,,TRUE,TRUE,
4/11/2023 19:36:15,SPECIAL,,MILK,,,BOBA,Guy,,TRUE,TRUE,
4/11/2023 19:36:37,THAI,,MILK,50%,25%,BOBA,Amanda,,TRUE,TRUE,
4/11/2023 19:37:27,SPECIAL,,MILK,,,BOBA,Ella,,TRUE,TRUE,
4/11/2023 19:39:08,BSL,,MILK,,,BOBA,Tommy,,TRUE,TRUE,
4/11/2023 19:41:13,JSMN,"MNGO, PSNFRT",,50%,25%,LYCHEE,Hanna,,TRUE,TRUE,
4/11/2023 19:42:00,SPECIAL,,MILK,,,BOBA,Sade,,TRUE,TRUE,
4/11/2023 19:42:30,JSMN,WNTML,MILK,25%,100%,BOBA,Sean,,TRUE,TRUE,
4/11/2023 19:42:51,SPECIAL,,MILK,,,BOBA,ANGIE,,TRUE,TRUE,
4/11/2023 19:43:44,JSMN,"MNGO, PSNFRT",,50%,50%,"BOBA, LYCHEE",EMILY,,TRUE,TRUE,
4/11/2023 19:44:48,SPECIAL,,MILK,,,BOBA,ERIN,,TRUE,TRUE,
4/11/2023 19:45:31,JSMN,WNTML,MILK,75%,75%,BOBA,Kimberly,,TRUE,TRUE,
4/11/2023 19:46:05,OLNG,"HNY, PCH",,25%,50%,LYCHEE,Emily,,TRUE,TRUE,
4/11/2023 19:46:37,JSMN,"KQ, LYCH",,50%,75%,,Eliana,,TRUE,TRUE,
4/11/2023 19:47:04,BLK,ROSE,MILK,50%,50%,BOBA,Tom 1,,TRUE,TRUE,
4/11/2023 19:47:18,BLK,ROSE,MILK,50%,50%,BOBA,Tom 2,,TRUE,TRUE,
4/11/2023 19:47:52,JSMN,"MNGO, PSNFRT",,50%,50%,BOBA,Tom 3,,TRUE,TRUE,
4/11/2023 19:49:52,OLNG,,MILK,25%,100%,BOBA,Leslie,,TRUE,TRUE,
4/11/2023 19:50:16,TARO,,MILK,0%,50%,BOBA,Su,,TRUE,TRUE,
4/11/2023 19:51:51,JSMN,WNTML,MILK,75%,75%,BOBA,Kate,,TRUE,TRUE,
4/11/2023 19:54:00,TARO,,Oat,,25%,BOBA,Amalia,,TRUE,TRUE,
4/11/2023 19:54:47,JSMN,"MNGO, PSNFRT",,50%,50%,LYCHEE,Derrek,,TRUE,TRUE,
4/11/2023 19:55:49,SPECIAL,,MILK,,,,no boba Leila,,TRUE,TRUE,
4/11/2023 19:56:37,JSMN,,MILK,25%,75%,BOBA,Evelyn,,TRUE,TRUE,
4/11/2023 19:57:17,THAI,,MILK,25%,75%,BOBA,Aidyn,,TRUE,TRUE,
4/11/2023 19:58:22,OLNG,"HNY, PCH",,50%,75%,BOBA,Andrea,,TRUE,TRUE,
4/11/2023 19:59:13,OLNG,"MNGO, PSNFRT",,75%,75%,BOBA,Dana,,TRUE,TRUE,
4/11/2023 19:59:53,BLK,ROSE,MILK,25%,50%,BOBA,Leo,,TRUE,TRUE,
4/11/2023 20:00:13,JSMN,"MNGO, PSNFRT",,0%,50%,LYCHEE,Grace 1,,TRUE,TRUE,
4/11/2023 20:00:40,JSMN,"MNGO, PSNFRT",,0%,50%,LYCHEE,Grace 2,,TRUE,TRUE,
4/11/2023 20:01:07,TARO,,MILK,50%,50%,BOBA,kiara,,TRUE,TRUE,
4/11/2023 20:02:04,THAI,,MILK,25%,100%,BOBA,Jessica,,TRUE,TRUE,
4/11/2023 20:02:42,BLK,"MNGO, PCH",,0%,50%,BOBA,Zheous,,TRUE,TRUE,
4/11/2023 20:05:37,JSMN,"LYCH, ROSE",,100%,100%,LYCHEE,noor <3,,TRUE,TRUE,
4/11/2023 20:07:46,THAI,,MILK,75%,75%,BOBA,ellie,,TRUE,TRUE,
4/11/2023 20:08:20,OLNG,,MILK,25%,25%,BOBA,gabrielle,,TRUE,TRUE,
4/11/2023 20:11:41,JSMN,"MNGO, PSNFRT",,25%,25%,BOBA,rosie,,TRUE,TRUE,
4/11/2023 20:12:01,TARO,,MILK,0%,25%,BOBA,rosie 2,,TRUE,TRUE,
4/11/2023 20:19:43,THAI,,MILK,75%,100%,BOBA,maya,,TRUE,TRUE,
4/11/2023 20:20:25,JSMN,"MNGO, PSNFRT",,25%,75%,POPPIN,kayla,,TRUE,TRUE,
4/11/2023 20:25:52,JSMN,"MNGO, PSNFRT",,100%,75%,LYCHEE,mylo extra lychee,,TRUE,TRUE,
4/11/2023 20:26:42,TARO,,Oat,,50%,BOBA,betsy,,TRUE,TRUE,
4/11/2023 20:27:18,JSMN,WNTML,MILK,25%,75%,BOBA,andrea,,TRUE,TRUE,
4/11/2023 20:27:57,JSMN,MNGO,,25%,50%,,christy,,TRUE,TRUE,
4/11/2023 20:29:02,SPECIAL,,MILK,,,BOBA,joey,,TRUE,TRUE,
4/11/2023 20:30:27,TARO,,Oat,,25%,BOBA,lucia,,TRUE,TRUE,
4/11/2023 20:31:34,DTYMTCH,,Oat,,,BOBA,luke,,TRUE,TRUE,
4/11/2023 20:31:54,DTYMTCH,,Almond,,,BOBA,luke 2,,TRUE,TRUE,
4/11/2023 20:32:59,BLK,,MILK,25%,75%,BOBA,jacky,,TRUE,TRUE,
4/11/2023 20:33:52,OLNG,,MILK,75%,50%,BOBA,ruthie,,TRUE,TRUE,
4/11/2023 20:34:28,THAI,,MILK,25%,50%,BOBA,sabrina,,TRUE,TRUE,
4/11/2023 20:34:58,JSMN,"KQ, LYCH",,50%,50%,LYCHEE,jenny,,TRUE,TRUE,
4/11/2023 20:36:55,BLK,"KQ, MNGO",,100%,50%,BOBA,gia,,TRUE,TRUE,
4/11/2023 20:37:21,BLK,,MILK,100%,100%,BOBA,ava,,TRUE,TRUE,
4/11/2023 20:38:47,TARO,,Soy,,25%,BOBA,daniella,,TRUE,TRUE,
4/11/2023 20:39:30,MTCH,,Almond,,,BOBA,rosie,,TRUE,TRUE,
4/11/2023 20:40:14,MTCH,,MILK,,,,betsua extra matcha,,TRUE,TRUE,
4/11/2023 20:41:01,THAI,,MILK,100%,100%,BOBA,betsua 2,,TRUE,TRUE,
4/11/2023 20:41:47,JSMN,"MNGO, PSNFRT",,50%,100%,BOBA,emrys,,TRUE,TRUE,
4/11/2023 20:42:19,THAI,,MILK,25%,50%,BOBA,isabella,,TRUE,TRUE,
4/11/2023 20:42:54,BLK,,MILK,0%,100%,"BOBA, LYCHEE",gordon,,TRUE,TRUE,
4/11/2023 20:43:46,OLNG,"HNY, PCH",,25%,25%,LYCHEE,cece,,TRUE,TRUE,
4/11/2023 20:44:51,JSMN,MNGO,,100%,100%,"BOBA, LYCHEE",katie,,TRUE,TRUE,
4/11/2023 20:45:46,BSL,,MILK,,,BOBA,izzy,,TRUE,TRUE,
4/11/2023 20:46:24,JSMN,MNGO,,25%,25%,BOBA,sophia extra boba,,TRUE,TRUE,
4/11/2023 20:47:21,MTCH,,Oat,,,BOBA,kayla,,TRUE,TRUE,
4/11/2023 20:48:12,BSL,,MILK,,,BOBA,anna,,TRUE,TRUE,
4/11/2023 20:48:41,JSMN,WNTML,MILK,25%,50%,BOBA,emma,,TRUE,TRUE,
4/11/2023 20:49:15,JSMN,WNTML,MILK,0%,50%,,victoria,,TRUE,TRUE,
4/11/2023 20:49:40,SPECIAL,,MILK,,,BOBA,yunju,,TRUE,TRUE,
4/11/2023 20:50:17,JSMN,"MNGO, PSNFRT",,50%,50%,LYCHEE,katie,,TRUE,TRUE,
4/11/2023 20:51:16,JSMN,"MNGO, PSNFRT",,25%,75%,LYCHEE,lynnsean,,TRUE,TRUE,
4/11/2023 20:52:30,BSL,,Oat,,,BOBA,lexie,,TRUE,TRUE,
4/11/2023 20:52:55,SPECIAL,,Oat,,,,lexie 2,,TRUE,TRUE,
4/11/2023 20:53:25,JSMN,WNTML,MILK,50%,50%,BOBA,amelia,,TRUE,TRUE,
4/11/2023 20:54:24,OLNG,"HNY, PCH",,50%,75%,BOBA,angie,,TRUE,TRUE,
4/11/2023 20:54:58,JSMN,"MNGO, PSNFRT",,25%,25%,BOBA,emmy,,TRUE,TRUE,
4/11/2023 20:55:32,SPECIAL,,MILK,,,BOBA,bianca,,TRUE,TRUE,
4/11/2023 20:58:10,JSMN,,MILK,50%,50%,,nico,,TRUE,TRUE,
4/11/2023 21:00:14,BLK,LYCH,,25%,25%,"BOBA, LYCHEE",Nicole,,TRUE,TRUE,
4/11/2023 21:04:49,JSMN,"KQ, LYCH",,25%,100%,LYCHEE,Angelis,,TRUE,TRUE,
4/11/2023 21:05:40,TARO,,MILK,50%,50%,BOBA,Sammy,,TRUE,TRUE,
4/11/2023 21:08:54,BLK,MNGO,,100%,100%,"BOBA, LYCHEE",mila ,,TRUE,TRUE,
4/11/2023 21:09:23,JSMN,"KQ, LYCH",,100%,100%,"BOBA, LYCHEE",mila 2 ,,TRUE,TRUE,
4/11/2023 21:10:40,JSMN,"KQ, LYCH",,50%,25%,LYCHEE,madeline,,TRUE,TRUE,
4/11/2023 21:11:17,SPECIAL,,MILK,,,BOBA,natalia,,TRUE,TRUE,
4/11/2023 21:11:58,BLK,ROSE,MILK,0%,50%,"BOBA, LYCHEE",trisha,,TRUE,TRUE,
4/11/2023 21:13:42,OLNG,"HNY, PCH",,25%,75%,BOBA,hana,,TRUE,TRUE,
4/11/2023 21:17:18,BSL,,MILK,,,BOBA,teo,,TRUE,TRUE,
4/11/2023 21:18:05,THAI,,MILK,25%,75%,BOBA,carolyn,,TRUE,TRUE,
4/11/2023 21:18:33,THAI,,MILK,25%,75%,BOBA,brody,,TRUE,TRUE,
4/11/2023 21:19:19,JSMN,"MNGO, PSNFRT",,50%,50%,,lily,,TRUE,TRUE,
4/11/2023 21:20:26,OLNG,MNGO,,25%,50%,BOBA,anya,,TRUE,TRUE,
4/11/2023 21:21:13,SPECIAL,,,,,BOBA,seohyun,,TRUE,TRUE,
4/11/2023 21:22:56,BLK,ROSE,MILK,50%,50%,BOBA,rose,,TRUE,TRUE,
4/11/2023 21:23:24,BLK,,MILK,25%,25%,BOBA,jacob,,TRUE,TRUE,
4/11/2023 21:23:56,OLNG,"KQ, LYCH",,50%,50%,BOBA,jacob 2,,TRUE,TRUE,
4/11/2023 21:24:40,MTCH,,MILK,25%,,BOBA,jacob 3,,TRUE,TRUE,
4/11/2023 21:26:35,BLK,,MILK,100%,50%,POPPIN,allegra,,TRUE,TRUE,
4/11/2023 21:27:20,OLNG,"HNY, PCH",,25%,75%,LYCHEE,ryan,,TRUE,TRUE,
4/11/2023 21:27:39,OLNG,"HNY, PCH",,25%,50%,LYCHEE,ryan 2,,TRUE,TRUE,
4/11/2023 21:29:05,JSMN,"MNGO, PSNFRT",,0%,75%,POPPIN,michael,,TRUE,TRUE,
4/11/2023 21:29:27,OLNG,MNGO,,50%,50%,,isabelle,,TRUE,TRUE,
4/11/2023 21:29:49,OLNG,PCH,,50%,50%,,clara,,TRUE,TRUE,
4/11/2023 21:30:33,BLK,,,25%,0%,LYCHEE,mia,,TRUE,TRUE,
4/11/2023 21:31:45,OLNG,,MILK,0%,75%,LYCHEE,stella extra lychee,,TRUE,TRUE,
4/13/2023 20:03:39,BSL,,,,,BOBA,jessie,,TRUE,TRUE,
4/13/2023 20:04:25,JSMN,PCH,,50%,50%,LYCHEE,claire,,TRUE,TRUE,
4/13/2023 20:05:00,DTYMTCH,,Almond,,,BOBA,rom,,TRUE,TRUE,
4/13/2023 20:09:07,SPECIAL,,MILK,,,BOBA,emily,,TRUE,TRUE,
4/13/2023 20:09:51,THAI,,MILK,100%,100%,BOBA,laura,,TRUE,TRUE,
4/13/2023 20:11:51,OLNG,,MILK,75%,75%,"BOBA, POPPIN",erin,,TRUE,TRUE,
4/13/2023 20:12:23,BSL,,MILK,,,BOBA,kimberly,,TRUE,TRUE,
4/13/2023 20:17:06,JSMN,,MILK,0%,0%,LYCHEE,shuyan,,TRUE,TRUE,
4/13/2023 20:17:45,TARO,,MILK,0%,0%,BOBA,vivian,,TRUE,TRUE,
4/13/2023 20:18:32,SPECIAL,,MILK,0%,,BOBA,eli,,TRUE,TRUE,
4/13/2023 20:19:40,THAI,,MILK,25%,100%,BOBA,zyad,,TRUE,TRUE,
4/13/2023 20:21:47,JSMN,"LYCH, MNGO",,50%,50%,LYCHEE,mia,,TRUE,TRUE,
4/13/2023 20:31:09,THAI,,Soy,100%,0%,BOBA,zoe,,TRUE,TRUE,
4/13/2023 20:32:01,SPECIAL,,,,,BOBA,serenat - low sweet no ice,,TRUE,TRUE,
4/13/2023 20:34:12,THAI,,MILK,50%,75%,BOBA,paige,,TRUE,,
4/13/2023 20:35:32,JSMN,PCH,,100%,50%,BOBA,eloise,,TRUE,TRUE,
4/13/2023 20:36:10,BLK,ROSE,MILK,25%,25%,BOBA,emily,,TRUE,TRUE,
4/13/2023 20:37:57,DTYMTCH,,Oat,,,BOBA,sade,,TRUE,TRUE,
4/13/2023 20:38:56,MTCH,,MILK,,,BOBA,sade 2,,TRUE,TRUE,
4/13/2023 20:39:44,BLK,ROSE,MILK,100%,75%,BOBA,eloise,,TRUE,TRUE,
4/13/2023 20:40:54,BLK,ROSE,MILK,0%,75%,BOBA,khairat - double boba,,TRUE,TRUE,
4/13/2023 20:45:03,BLK,"MNGO, PCH",,100%,100%,LYCHEE,jackie,,TRUE,TRUE,
4/13/2023 20:46:14,BSL,,Oat,,,BOBA,jackie 2,,TRUE,TRUE,
4/13/2023 20:47:20,TARO,,Oat,0%,50%,BOBA,steven,,TRUE,TRUE,
4/13/2023 20:48:12,TARO,,MILK,0%,50%,BOBA,rosie,,TRUE,TRUE,
4/13/2023 20:48:49,BLK,,MILK,50%,50%,"BOBA, LYCHEE",elizabeth,,TRUE,TRUE,
4/13/2023 20:49:36,OLNG,"KQ, LYCH",,50%,50%,BOBA,elizabeth 2,,TRUE,TRUE,
4/13/2023 20:50:04,BLK,,MILK,25%,75%,BOBA,jackie,,TRUE,TRUE,
4/13/2023 20:50:49,TARO,,MILK,0%,50%,POPPIN,melinda,,TRUE,TRUE,
4/13/2023 20:51:22,OLNG,"HNY, PCH",,50%,50%,POPPIN,hannah,,TRUE,TRUE,
4/13/2023 20:51:56,OLNG,"HNY, PCH",,50%,50%,POPPIN,alex,,TRUE,TRUE,
4/13/2023 20:52:32,JSMN,"MNGO, PSNFRT",,75%,50%,BOBA,mike,,TRUE,TRUE,
4/13/2023 20:53:33,JSMN,"LYCH, ROSE",,50%,50%,,gideon,,TRUE,TRUE,
4/13/2023 20:56:05,JSMN,,MILK,50%,50%,BOBA,isabel,,TRUE,TRUE,
4/13/2023 20:58:51,BLK,,MILK,50%,75%,BOBA,ana,,TRUE,TRUE,
4/13/2023 20:59:43,JSMN,"MNGO, PSNFRT",,50%,50%,LYCHEE,derek,,TRUE,TRUE,
4/13/2023 21:01:53,OLNG,LYCH,,50%,50%,,sarah,,TRUE,TRUE,
4/13/2023 21:02:22,SPECIAL,,,,,BOBA,essi,,TRUE,TRUE,
4/13/2023 21:09:18,JSMN,,MILK,75%,100%,BOBA,paul,,TRUE,TRUE,
4/13/2023 21:10:11,JSMN,,MILK,25%,100%,BOBA,sanya,,TRUE,TRUE,
4/13/2023 21:10:27,SPECIAL,,,,,BOBA,sanya 2,,TRUE,TRUE,
4/13/2023 21:12:48,BSL,,MILK,,,,alexa,,TRUE,TRUE,
4/13/2023 21:13:15,BSL,,MILK,,,BOBA,leo,,TRUE,TRUE,
4/13/2023 21:15:06,THAI,,MILK,25%,50%,BOBA,riley,,TRUE,TRUE,
4/13/2023 21:15:26,JSMN,WNTML,MILK,0%,25%,BOBA,riley 2,,TRUE,TRUE,
4/13/2023 21:16:02,BLK,,MILK,0%,50%,BOBA,tyler,,TRUE,TRUE,
4/13/2023 21:16:43,JSMN,"MNGO, PSNFRT",,0%,50%,BOBA,dean,,TRUE,TRUE,
4/13/2023 21:17:28,DTYMTCH,,MILK,,,BOBA,ryan,,TRUE,TRUE,
4/13/2023 21:20:45,TARO,,Almond,,100%,BOBA,latisha,,TRUE,TRUE,
4/13/2023 21:22:13,SPECIAL,,,,,BOBA,angel,,TRUE,TRUE,
4/13/2023 21:22:41,THAI,,MILK,100%,100%,BOBA,angel 2,,TRUE,TRUE,
4/13/2023 21:23:04,JSMN,"MNGO, PSNFRT",,25%,100%,POPPIN,angel 3,,TRUE,TRUE,
4/13/2023 21:24:22,JSMN,PCH,,25%,25%,BOBA,sophia - extra boba,,TRUE,TRUE,
4/13/2023 21:24:48,JSMN,KQ,,25%,25%,BOBA,sophia 2 - extra boba ,,TRUE,TRUE,
4/13/2023 21:27:44,JSMN,"MNGO, PSNFRT",,50%,50%,BOBA,lucy,,TRUE,TRUE,
4/13/2023 21:28:20,THAI,,MILK,25%,50%,BOBA,lucy 2,,TRUE,TRUE,
4/13/2023 21:29:14,JSMN,WNTML,MILK,25%,100%,BOBA,nick,,TRUE,TRUE,
4/13/2023 21:31:10,TARO,,MILK,25%,25%,BOBA,saru,,TRUE,TRUE,
4/13/2023 21:32:43,SPECIAL,,,,,BOBA,Caleb 1,,TRUE,TRUE,
4/13/2023 21:32:52,SPECIAL,,,,,BOBA,Caleb 2,,TRUE,TRUE,
4/13/2023 21:33:48,JSMN,"MNGO, PSNFRT",,25%,75%,BOBA,iram,,TRUE,TRUE,
4/13/2023 21:34:33,JSMN,WNTML,MILK,100%,50%,BOBA,Victoria,,TRUE,TRUE,
4/13/2023 21:35:29,BLK,ROSE,MILK,0%,75%,BOBA,Bob,,TRUE,TRUE,
4/13/2023 21:37:33,THAI,,MILK,25%,50%,BOBA,Ishanya,,TRUE,TRUE,
4/13/2023 21:42:38,BLK,,MILK,50%,100%,BOBA,Kahan,,TRUE,TRUE,
4/13/2023 21:44:51,JSMN,"KQ, LYCH",,50%,100%,LYCHEE,katie,,TRUE,TRUE,
4/13/2023 21:45:15,BSL,,Oat,,,BOBA,katie 2,,TRUE,TRUE,
4/13/2023 21:45:58,THAI,,MILK,0%,100%,BOBA,maggie,,TRUE,TRUE,
4/18/2023 19:10:42,SPECIAL,,,50%,,LYCHEE,Ruthie 1,,TRUE,TRUE,
4/18/2023 19:11:11,OLNG,,MILK,50%,75%,BOBA,Ruthie 2,,TRUE,TRUE,
4/18/2023 19:12:56,BLK,,MILK,25%,100%,BOBA,eliyah ,,TRUE,TRUE,
4/18/2023 19:13:32,TARO,,MILK,25%,75%,BOBA,Ava ,,TRUE,TRUE,
4/18/2023 19:14:49,THAI,,MILK,25%,100%,BOBA,Kayla ,,TRUE,TRUE,
4/18/2023 19:17:14,BLK,,MILK,25%,25%,BOBA,Li ,,TRUE,TRUE,
4/18/2023 19:18:07,JSMN,"MNGO, PSNFRT",,25%,50%,BOBA,Kiana ,,TRUE,TRUE,
4/18/2023 19:18:38,SPECIAL,,,25%,50%,BOBA,Jenna ,,TRUE,TRUE,
4/18/2023 19:20:11,SPECIAL,,,75%,75%,LYCHEE,Annika ,,TRUE,TRUE,
4/18/2023 19:20:51,BLK,ROSE,MILK,75%,75%,BOBA,Meredith ,,TRUE,TRUE,
4/18/2023 19:21:38,SPECIAL,,,50%,100%,LYCHEE,Rom ,,TRUE,TRUE,
4/18/2023 19:22:16,DTYMTCH,,Almond,,,BOBA,Rom 2 ,,TRUE,TRUE,
4/18/2023 19:23:02,DTYMTCH,,Oat,,,BOBA,Luke ,,TRUE,TRUE,
4/18/2023 19:24:13,OLNG,"HNY, PCH",,25%,50%,LYCHEE,Kimin ,,TRUE,TRUE,
4/18/2023 19:24:39,OLNG,"HNY, PCH",,25%,50%,LYCHEE,Kimin 2 ,,TRUE,TRUE,
4/18/2023 19:25:30,SPECIAL,,,0%,100%,LYCHEE,Josh ,,TRUE,TRUE,
4/18/2023 19:27:08,BLK,PCH,,50%,100%,BOBA,Kayla ,,TRUE,TRUE,
4/18/2023 19:27:38,SPECIAL,,,50%,50%,LYCHEE,Claire ,,TRUE,TRUE,
4/18/2023 19:28:51,JSMN,"MNGO, PSNFRT",,50%,50%,BOBA,Bianca ,,TRUE,TRUE,
4/18/2023 19:29:34,BLK,ROSE,MILK,75%,75%,BOBA,sylvie,,TRUE,TRUE,
4/18/2023 19:31:33,SPECIAL,,,50%,100%,"BOBA, LYCHEE",Katherine ,,TRUE,TRUE,
4/18/2023 19:32:16,JSMN,MNGO,,50%,50%,BOBA,Claire. F ,,TRUE,TRUE,
4/18/2023 19:32:57,TARO,,MILK,0%,75%,BOBA,Rosie ,,TRUE,TRUE,
4/18/2023 19:34:12,JSMN,"MNGO, PSNFRT",,25%,25%,BOBA,Alessio ,,TRUE,TRUE,
4/18/2023 19:35:07,SPECIAL,,,25%,100%,"BOBA, LYCHEE",Laura 1,,TRUE,TRUE,
4/18/2023 19:35:28,SPECIAL,,,25%,100%,LYCHEE,Laura 2 ,,TRUE,TRUE,
4/18/2023 19:37:52,SPECIAL,,,50%,100%,LYCHEE,Andrea 1,,TRUE,TRUE,
4/18/2023 19:38:08,SPECIAL,,,25%,100%,LYCHEE,Andrea 2 ,,TRUE,TRUE,
4/18/2023 19:39:08,SPECIAL,,,25%,75%,LYCHEE,Helene ,,TRUE,TRUE,
4/18/2023 19:39:39,TARO,,MILK,25%,100%,BOBA,Kiara ,,TRUE,TRUE,
4/18/2023 19:40:17,MTCH,,Oat,,,BOBA,Stella ,,TRUE,TRUE,
4/18/2023 19:41:29,BLK,ROSE,MILK,50%,50%,BOBA,Sridha (whole milk),,TRUE,TRUE,
4/18/2023 19:43:41,SPECIAL,,MILK,0%,50%,"BOBA, LYCHEE",Samika ,,TRUE,TRUE,
4/18/2023 19:44:43,TARO,,Oat,25%,25%,BOBA,Eliana ,,TRUE,TRUE,
4/18/2023 19:45:56,MTCH,,MILK,,,BOBA,m.COCONUT - Natalia ,,TRUE,TRUE,
4/18/2023 19:47:21,DTYMTCH,,MILK,25%,,,Eliana . Y ,,TRUE,TRUE,
4/18/2023 19:48:09,OLNG,"HNY, PCH",,25%,75%,,Emily ,,TRUE,TRUE,
4/18/2023 19:49:48,JSMN,"MNGO, PSNFRT",,25%,100%,BOBA,meraal ,,TRUE,TRUE,
4/18/2023 19:50:54,MTCH,,MILK,,,BOBA,Maya -,,TRUE,TRUE,
4/18/2023 19:51:32,TARO,,MILK,25%,50%,BOBA,Dan ,,TRUE,TRUE,
4/18/2023 19:53:11,BSL,,Soy,,,BOBA,Johnathan ,,TRUE,TRUE,
4/18/2023 19:54:06,SPECIAL,,,25%,25%,LYCHEE,Arman,,TRUE,TRUE,
4/18/2023 19:54:39,SPECIAL,,,25%,75%,LYCHEE,Manu ,,TRUE,TRUE,
4/18/2023 19:55:21,THAI,,MILK,50%,100%,BOBA,Jenna ,,TRUE,TRUE,
4/18/2023 19:56:10,TARO,,Oat,50%,50%,BOBA,Maya ,,TRUE,TRUE,
4/18/2023 19:57:21,OLNG,,MILK,25%,25%,BOBA,Isabel ,,TRUE,TRUE,
4/18/2023 19:58:06,BLK,,MILK,25%,50%,BOBA,Charlotte ,,TRUE,TRUE,
4/18/2023 19:58:36,TARO,,MILK,100%,50%,BOBA,Guy ,,TRUE,TRUE,
4/18/2023 19:59:12,SPECIAL,,,100%,75%,"LYCHEE, POPPIN",Taylor 1 ,,TRUE,TRUE,
4/18/2023 19:59:43,JSMN,"MNGO, PSNFRT",,75%,25%,BOBA,Taylor 2 ,,TRUE,TRUE,
4/18/2023 20:01:01,SPECIAL,,,50%,50%,"BOBA, LYCHEE",Ella ,,TRUE,TRUE,
4/18/2023 20:01:30,BSL,,MILK,,,BOBA,Hadley ,,TRUE,TRUE,
4/18/2023 20:02:45,JSMN,,MILK,50%,50%,BOBA,Bella 1,,TRUE,TRUE,
4/18/2023 20:03:16,SPECIAL,,,25%,50%,"BOBA, LYCHEE",Ari ,,TRUE,TRUE,
4/18/2023 20:03:56,TARO,,MILK,50%,50%,BOBA,Hanah ,,TRUE,TRUE,
4/18/2023 20:04:30,TARO,,MILK,50%,75%,BOBA,Jacob ,,TRUE,TRUE,
4/18/2023 20:05:00,SPECIAL,,,50%,100%,LYCHEE,Emrys ,,TRUE,TRUE,
4/18/2023 20:05:27,SPECIAL,,,50%,50%,LYCHEE,kira ,,TRUE,TRUE,
4/18/2023 20:06:02,SPECIAL,,,50%,100%,BOBA,Tommy ,,TRUE,TRUE,
4/18/2023 20:08:03,JSMN,,MILK,0%,50%,BOBA,Jeannete ,,TRUE,TRUE,
4/18/2023 20:08:53,JSMN,PCH,,25%,25%,BOBA,Extra boba - sophie ,,TRUE,TRUE,
4/18/2023 20:09:41,JSMN,,MILK,25%,100%,BOBA,Sebastian ,,TRUE,TRUE,
4/18/2023 20:10:14,JSMN,,MILK,25%,75%,BOBA,Evelyn ,,TRUE,TRUE,
4/18/2023 20:11:35,OLNG,"HNY, PCH",,50%,75%,BOBA,Andrea ,,TRUE,TRUE,
4/18/2023 20:12:35,OLNG,"MNGO, PSNFRT",,75%,75%,BOBA,Dana ,,TRUE,TRUE,
4/18/2023 20:13:13,OLNG,"MNGO, PSNFRT",,75%,75%,BOBA,Dana 2 ,,TRUE,TRUE,
4/18/2023 20:13:57,BLK,,MILK,50%,50%,"BOBA, LYCHEE",Elizabeth ,,TRUE,TRUE,
4/18/2023 20:16:02,BLK,ROSE,MILK,25%,50%,BOBA,Anya 1,,TRUE,TRUE,
4/18/2023 20:16:42,,,,,,LYCHEE,anya 2,,TRUE,TRUE,
4/18/2023 20:18:13,BLK,"MNGO, PSNFRT",,50%,100%,BOBA,Jesenia ,,TRUE,TRUE,
4/18/2023 20:19:33,SPECIAL,,,25%,25%,BOBA,Nancy ,,TRUE,TRUE,
4/18/2023 20:20:02,THAI,,MILK,25%,25%,BOBA,ora ,,TRUE,TRUE,
4/18/2023 20:20:44,JSMN,,MILK,50%,50%,BOBA,Isabel ,,TRUE,TRUE,
4/18/2023 20:21:06,BLK,ROSE,MILK,50%,50%,BOBA,Clara ,,TRUE,TRUE,
4/18/2023 20:21:57,JSMN,"MNGO, PSNFRT",,0%,75%,LYCHEE,Abby ,,TRUE,TRUE,
4/18/2023 20:23:12,JSMN,MNGO,,25%,50%,LYCHEE,Soha ,,TRUE,TRUE,
4/18/2023 20:25:26,SPECIAL,,,0%,25%,LYCHEE,Sage ,,TRUE,TRUE,
4/18/2023 20:26:14,OLNG,"HNY, PCH",,25%,75%,BOBA,ELLEN 1,,TRUE,TRUE,
4/18/2023 20:26:48,JSMN,"MNGO, PSNFRT",,25%,75%,,ELLEN 2 ,,TRUE,TRUE,
4/18/2023 20:27:51,TARO,,MILK,25%,25%,BOBA,EMILY ,,TRUE,TRUE,
4/18/2023 20:29:05,BLK,MNGO,,0%,50%,BOBA,Josh 1,,TRUE,TRUE,
4/18/2023 20:29:44,BLK,LYCH,,50%,50%,BOBA,Josh 2,,TRUE,TRUE,
4/18/2023 20:30:16,OLNG,LYCH,,75%,75%,BOBA,Josh 3 ,,TRUE,TRUE,
4/18/2023 20:30:48,BLK,,MILK,50%,50%,BOBA,Josh 4 ,,TRUE,TRUE,
4/18/2023 20:31:24,JSMN,"MNGO, PSNFRT",,25%,75%,BOBA,Josh 5,,TRUE,TRUE,
4/18/2023 20:31:44,OLNG,MNGO,,25%,50%,BOBA,Josh 6 ,,TRUE,TRUE,
4/18/2023 20:32:35,OLNG,"HNY, PCH",,25%,75%,"BOBA, LYCHEE",Hana,,TRUE,TRUE,
4/18/2023 20:34:22,SPECIAL,,,0%,25%,BOBA,serenat,,TRUE,TRUE,
4/18/2023 20:35:16,MTCH,,MILK,,,BOBA,sarah,,TRUE,TRUE,
4/18/2023 20:36:43,BLK,ROSE,MILK,25%,100%,BOBA,skyler,,TRUE,TRUE,
4/18/2023 20:37:24,BLK,ROSE,MILK,25%,50%,BOBA,mia,,TRUE,TRUE,
4/18/2023 20:38:09,THAI,,MILK,75%,75%,BOBA,taryn,,TRUE,TRUE,
4/18/2023 20:39:46,BLK,ROSE,MILK,25%,75%,BOBA,anya,,TRUE,TRUE,
4/18/2023 20:41:01,TARO,,MILK,25%,50%,BOBA,ethan,,TRUE,TRUE,
4/18/2023 20:41:33,MTCH,,MILK,,,,jenny,,TRUE,TRUE,
4/18/2023 20:42:15,MTCH,,MILK,,,BOBA,ella,,TRUE,TRUE,
4/18/2023 20:42:39,JSMN,"KQ, LYCH",,50%,50%,BOBA,ella,,TRUE,TRUE,
4/18/2023 20:43:19,JSMN,"MNGO, PSNFRT",,25%,50%,LYCHEE,jenny,,TRUE,TRUE,
4/18/2023 20:44:07,BSL,,MILK,,,BOBA,oscar 1,,TRUE,TRUE,
4/18/2023 20:44:18,BSL,,MILK,,,BOBA,oscar 2,,TRUE,TRUE,
4/18/2023 20:45:08,BSL,,MILK,,,BOBA,oscar 3,,TRUE,TRUE,
4/18/2023 20:47:41,JSMN,"MNGO, PSNFRT",,25%,75%,LYCHEE,bianca,,TRUE,TRUE,
4/18/2023 20:48:20,SPECIAL,,,100%,75%,LYCHEE,diana,,TRUE,TRUE,
4/18/2023 20:48:58,SPECIAL,,,0%,100%,LYCHEE,diana,,TRUE,TRUE,
4/18/2023 20:49:40,JSMN,"MNGO, PSNFRT",,0%,50%,LYCHEE,grace,,TRUE,TRUE,
4/18/2023 20:51:06,BLK,ROSE,MILK,100%,100%,BOBA,tara,,TRUE,TRUE,
4/18/2023 20:51:41,TARO,,MILK,,75%,BOBA,maddie,,TRUE,TRUE,
4/18/2023 20:52:16,SPECIAL,,,0%,50%,LYCHEE,juliet,,TRUE,TRUE,
4/18/2023 20:53:03,SPECIAL,,,0%,25%,"BOBA, LYCHEE",stella,,TRUE,TRUE,
4/18/2023 20:54:26,JSMN,WNTML,MILK,0%,100%,BOBA,shawn,,TRUE,TRUE,
4/18/2023 20:55:04,TARO,,MILK,0%,100%,BOBA,sarah,,TRUE,TRUE,
4/18/2023 20:56:33,BLK,,MILK,25%,25%,BOBA,sarah,,TRUE,TRUE,
4/18/2023 20:57:20,OLNG,PSNFRT,,25%,25%,BOBA,adam,,TRUE,TRUE,
4/18/2023 20:58:03,THAI,,MILK,25%,75%,BOBA,anisa,,TRUE,TRUE,
4/18/2023 20:58:40,BLK,,MILK,50%,100%,BOBA,anna,,TRUE,TRUE,
4/18/2023 20:59:22,TARO,,MILK,,50%,BOBA,samm,,TRUE,TRUE,
4/18/2023 21:00:23,OLNG,"HNY, PCH",,25%,50%,BOBA,emma,,TRUE,TRUE,
4/18/2023 21:01:05,JSMN,"MNGO, PSNFRT",,25%,50%,LYCHEE,derek,,TRUE,TRUE,
4/18/2023 21:02:02,OLNG,"HNY, PCH",,50%,100%,LYCHEE,jeremy,,TRUE,TRUE,
4/18/2023 21:03:01,BLK,,MILK,100%,50%,BOBA,lucas,,TRUE,TRUE,
4/18/2023 21:03:39,JSMN,"MNGO, PSNFRT",,25%,50%,LYCHEE,verna,,TRUE,TRUE,
4/18/2023 21:04:12,JSMN,"LYCH, ROSE",,0%,25%,"BOBA, LYCHEE",trisha,,TRUE,TRUE,
4/18/2023 21:04:56,SPECIAL,,,100%,75%,LYCHEE,christine,,TRUE,TRUE,
4/18/2023 21:05:55,SPECIAL,,,50%,50%,LYCHEE,mischa (mee-sha),,TRUE,TRUE,
4/18/2023 21:06:47,SPECIAL,,,50%,50%,"BOBA, LYCHEE",naomi,,TRUE,TRUE,
4/18/2023 21:07:37,SPECIAL,,,50%,50%,LYCHEE,alyssa,,TRUE,TRUE,
4/18/2023 21:08:59,JSMN,MNGO,,50%,100%,POPPIN,lenny,,TRUE,TRUE,
4/18/2023 21:12:33,TARO,,MILK,,25%,,lily,,TRUE,TRUE,
4/18/2023 21:13:00,JSMN,"MNGO, PSNFRT",,25%,50%,LYCHEE,mira,,TRUE,TRUE,
4/18/2023 21:14:28,JSMN,PCH,,25%,75%,POPPIN,daniel,,TRUE,TRUE,
4/18/2023 21:15:34,JSMN,"MNGO, PSNFRT",,25%,100%,LYCHEE,lily,,TRUE,TRUE,
4/18/2023 21:18:12,SPECIAL,,,100%,100%,LYCHEE,chloe,,TRUE,TRUE,
4/18/2023 21:18:42,MTCH,,MILK,,,,chloe extra matcha,,TRUE,TRUE,
4/18/2023 21:19:55,BLK,PSNFRT,,25%,25%,POPPIN,katya,,TRUE,TRUE,
4/18/2023 21:20:56,OLNG,"MNGO, PCH",,50%,75%,LYCHEE,joya,,TRUE,TRUE,
4/18/2023 21:22:15,OLNG,MNGO,,25%,50%,LYCHEE,katelyn,,TRUE,TRUE,
4/18/2023 21:23:41,THAI,,MILK,50%,50%,,giuliano ,,TRUE,TRUE,
4/18/2023 21:24:56,OLNG,"LYCH, ROSE",,50%,100%,LYCHEE,tymmaa,,TRUE,TRUE,
4/18/2023 21:25:50,BLK,MNGO,,100%,100%,LYCHEE,yunju,,TRUE,TRUE,
4/18/2023 21:27:31,BSL,,MILK,,,BOBA,caleb,,TRUE,TRUE,
4/18/2023 21:29:01,BSL,,MILK,,,BOBA,natalie,,TRUE,TRUE,
4/18/2023 21:29:28,BSL,,Almond,,,BOBA,lulu,,TRUE,TRUE,
4/18/2023 21:30:02,BLK,ROSE,MILK,25%,25%,BOBA,alex,,TRUE,TRUE,
4/18/2023 21:30:36,THAI,,MILK,50%,50%,BOBA,tymmaa,,TRUE,TRUE,
4/18/2023 21:32:36,DTYMTCH,,Oat,,,BOBA,tai,,TRUE,TRUE,
4/25/2023 19:08:21,BLK,,MILK,25%,100%,BOBA,Aliya ,,TRUE,TRUE,
4/25/2023 19:09:01,THAI,,MILK,25%,75%,BOBA,Ava,,TRUE,TRUE,
4/25/2023 19:09:20,BLK,,MILK,25%,75%,BOBA,Jacky ,,TRUE,TRUE,
4/25/2023 19:10:05,JSMN,"KQ, PSNFRT",,50%,50%,BOBA,Desa,,TRUE,TRUE,
4/25/2023 19:10:36,TARO,,MILK,50%,75%,BOBA,Claire ,,TRUE,TRUE,
4/25/2023 19:11:07,THAI,,MILK,50%,75%,BOBA,Paige,,TRUE,TRUE,
4/25/2023 19:11:52,SPECIAL,,MILK,,,BOBA,Alexa ,,TRUE,TRUE,
4/25/2023 19:12:09,BSL,,MILK,,,BOBA,Leo,,TRUE,TRUE,
4/25/2023 19:17:54,BLK,,MILK,25%,75%,BOBA,Leo ,,TRUE,TRUE,
4/25/2023 19:20:55,JSMN,"MNGO, PSNFRT",,75%,100%,"LYCHEE, POPPIN",stephannie ,,TRUE,TRUE,
4/25/2023 19:21:22,OLNG,,MILK,25%,100%,BOBA,Leslie ,,TRUE,TRUE,
4/25/2023 19:22:55,OLNG,,MILK,25%,50%,BOBA,Vivan ,,TRUE,TRUE,
4/25/2023 19:23:29,JSMN,"MNGO, PSNFRT",,50%,75%,BOBA,Marianna ,,TRUE,TRUE,
4/25/2023 19:24:27,TARO,,MILK,25%,75%,BOBA,Bella ,,TRUE,TRUE,
4/25/2023 19:25:22,TARO,,MILK,50%,50%,BOBA,Kira ,,TRUE,TRUE,
4/25/2023 19:28:42,OLNG,"MNGO, PSNFRT",,50%,50%,BOBA,Dana ,,TRUE,TRUE,
4/25/2023 19:30:10,OLNG,"HNY, PCH",,50%,50%,BOBA,Andrea ,,TRUE,TRUE,
4/25/2023 19:31:20,JSMN,,MILK,25%,50%,BOBA,Evelyn ,,TRUE,TRUE,
4/25/2023 19:33:39,BLK,,MILK,25%,50%,BOBA,Elizabeth 1,,TRUE,TRUE,
4/25/2023 19:34:08,OLNG,,MILK,50%,50%,"BOBA, LYCHEE",Elizabeth 2,,TRUE,TRUE,
4/25/2023 19:34:41,JSMN,"MNGO, PSNFRT",,50%,25%,BOBA,Zora ,,TRUE,TRUE,
4/25/2023 19:35:44,SPECIAL,,MILK,,,BOBA,Ruth ,,TRUE,TRUE,
4/25/2023 19:37:53,THAI,,MILK,25%,75%,BOBA,Katelyn ,,TRUE,TRUE,
4/25/2023 19:38:37,JSMN,,MILK,75%,75%,BOBA,Taryn,,TRUE,TRUE,
4/25/2023 19:39:19,BLK,,MILK,50%,50%,BOBA,Camille ,,TRUE,TRUE,
4/25/2023 19:41:20,BLK,ROSE,MILK,50%,50%,BOBA,Elizabeth 3,,TRUE,TRUE,
4/25/2023 19:43:18,TARO,,MILK,0%,50%,BOBA,Sue ,,TRUE,TRUE,
4/25/2023 19:44:11,JSMN,"MNGO, PSNFRT",,25%,25%,BOBA,Alessio ,,TRUE,TRUE,
4/25/2023 19:44:53,TARO,,MILK,0%,75%,BOBA,Rosie ,,TRUE,TRUE,
4/25/2023 19:46:55,JSMN,WNTML,MILK,,50%,BOBA,Lucy ,,TRUE,TRUE,
4/25/2023 19:47:27,OLNG,"HNY, PCH",,25%,50%,POPPIN,Aviva ,,TRUE,TRUE,
4/25/2023 19:47:55,THAI,,MILK,75%,25%,BOBA,Amanda ,,TRUE,TRUE,
4/25/2023 19:48:19,BSL,,MILK,75%,,BOBA,Guy ,,TRUE,TRUE,
4/25/2023 19:48:38,BSL,,MILK,,,BOBA,Dylan,,TRUE,TRUE,
4/25/2023 19:49:13,THAI,,MILK,100%,75%,BOBA,Taylor ,,TRUE,TRUE,
4/25/2023 19:52:30,BSL,,MILK,,,BOBA,Eli ,,TRUE,TRUE,
4/25/2023 19:53:21,MTCH,,Oat,,,BOBA,Ari,,TRUE,TRUE,
4/25/2023 19:54:26,SPECIAL,,Almond,,,BOBA,Emily - 1pump coconut ,,TRUE,TRUE,
4/25/2023 19:55:14,BLK,"LYCH, PCH",,75%,75%,BOBA,Anais ,,TRUE,TRUE,
4/25/2023 19:56:09,TARO,,Oat,50%,25%,BOBA,Angie,,TRUE,TRUE,
4/25/2023 20:00:17,OLNG,"LYCH, PCH",,50%,50%,"BOBA, LYCHEE",emily ,,TRUE,TRUE,
4/25/2023 20:01:35,BLK,ROSE,MILK,0%,50%,BOBA,Kyle ,,TRUE,TRUE,
4/25/2023 20:02:17,JSMN,LYCH,,0%,100%,"BOBA, LYCHEE",Katherine ,,TRUE,TRUE,
4/25/2023 20:03:08,JSMN,ROSE,,50%,50%,"BOBA, LYCHEE",Naomi ,,TRUE,TRUE,
4/25/2023 20:04:13,OLNG,"KQ, PSNFRT",,50%,75%,BOBA,shark,,TRUE,TRUE,
4/25/2023 20:05:29,BLK,,MILK,50%,100%,BOBA,Anna ,,TRUE,TRUE,
4/25/2023 20:07:40,JSMN,"LYCH, ROSE",,25%,25%,BOBA,serenat,,TRUE,TRUE,
4/25/2023 20:08:15,BSL,,MILK,,,BOBA,noor <3,,TRUE,TRUE,
4/25/2023 20:09:44,JSMN,"MNGO, PSNFRT",,0%,75%,LYCHEE,grace,,TRUE,TRUE,
4/25/2023 20:13:15,JSMN,"MNGO, PSNFRT",,0%,75%,LYCHEE,grace 2 ,,TRUE,TRUE,
4/25/2023 20:13:43,JSMN,"MNGO, PSNFRT",,50%,75%,BOBA,josh ,,TRUE,TRUE,
4/25/2023 20:14:07,BLK,,,50%,25%,BOBA,josh 2 ,,TRUE,TRUE,
4/25/2023 20:14:29,,,,50%,,BOBA,josh coconut special 3,,TRUE,TRUE,
4/25/2023 20:14:43,OLNG,MNGO,,50%,50%,BOBA,josh 4,,TRUE,TRUE,
4/25/2023 20:16:37,OLNG,"HNY, PCH",,0%,25%,POPPIN,alex,,TRUE,TRUE,
4/25/2023 20:19:29,JSMN,,MILK,50%,50%,,nico,,TRUE,TRUE,
4/25/2023 20:21:14,TARO,,MILK,,75%,BOBA,maddie ,,TRUE,TRUE,
4/25/2023 20:25:03,JSMN,"LYCH, ROSE",,25%,25%,BOBA,sophia xtra boba,,TRUE,TRUE,
4/25/2023 20:26:03,JSMN,PCH,,25%,25%,BOBA,sophia 2 xtra boba,,TRUE,TRUE,
4/25/2023 20:27:51,JSMN,"MNGO, PSNFRT",,50%,25%,LYCHEE,hannah,,TRUE,TRUE,
4/25/2023 20:28:27,JSMN,"LYCH, ROSE",,50%,50%,BOBA,amelia,,TRUE,TRUE,
4/25/2023 20:31:54,JSMN,PCH,,25%,25%,POPPIN,daniel,,TRUE,TRUE,
4/25/2023 20:33:41,BLK,,MILK,50%,100%,BOBA,may,,TRUE,TRUE,
4/25/2023 20:34:32,TARO,,Almond,,25%,BOBA,evelyn,,TRUE,TRUE,
4/25/2023 20:35:50,JSMN,"PSNFRT, ROSE",,25%,25%,POPPIN,nancy,,TRUE,TRUE,
4/25/2023 20:36:44,BLK,MNGO,,50%,75%,BOBA,tristan,,TRUE,TRUE,
4/25/2023 20:37:12,BSL,,MILK,,,BOBA,tristan,,TRUE,TRUE,
4/25/2023 20:38:35,JSMN,ROSE,,50%,50%,,lily,,TRUE,TRUE,
4/25/2023 20:39:35,JSMN,MNGO,,25%,50%,BOBA,anya,,TRUE,TRUE,
4/25/2023 20:40:50,THAI,,MILK,100%,100%,BOBA,leticia,,TRUE,TRUE,
4/25/2023 20:41:27,BSL,,MILK,,,BOBA,oscar,,TRUE,TRUE,
4/25/2023 20:41:35,BSL,,MILK,,,BOBA,oscar 2,,TRUE,TRUE,
4/25/2023 20:41:56,BSL,,MILK,,,BOBA,oscar 3 ,,TRUE,TRUE,
4/25/2023 20:43:00,JSMN,"MNGO, PSNFRT",,50%,50%,BOBA,maxine,,TRUE,TRUE,
4/25/2023 20:43:39,THAI,,MILK,50%,75%,,evan,,TRUE,TRUE,
4/25/2023 20:44:10,OLNG,"HNY, PCH",,100%,100%,POPPIN,lauren,,TRUE,TRUE,
4/25/2023 20:45:12,OLNG,"HNY, PCH",,25%,50%,POPPIN,miyu,,TRUE,TRUE,
4/25/2023 20:46:31,OLNG,"MNGO, PCH",,25%,75%,LYCHEE,jay,,TRUE,TRUE,
4/25/2023 20:50:17,BLK,ROSE,MILK,0%,75%,BOBA,khairat extra boba,,TRUE,TRUE,
4/25/2023 20:51:26,BLK,,MILK,100%,100%,BOBA,ava ,,TRUE,TRUE,
4/25/2023 20:53:02,TARO,,Almond,,25%,BOBA,hayley,,TRUE,TRUE,
4/25/2023 20:54:16,TARO,,Soy,,25%,BOBA,daniella,,TRUE,TRUE,
4/25/2023 20:55:03,SPECIAL,,MILK,,,BOBA,satena,,TRUE,TRUE,
4/25/2023 20:55:41,SPECIAL,,MILK,,,BOBA,matt,,TRUE,TRUE,
4/25/2023 20:56:15,TARO,,MILK,,50%,BOBA,matt 2,,TRUE,TRUE,
4/25/2023 20:57:01,BLK,,MILK,50%,50%,BOBA,rohan,,TRUE,TRUE,
4/25/2023 20:57:58,JSMN,"KQ, LYCH",,50%,75%,POPPIN,anna ,,TRUE,TRUE,
4/25/2023 20:59:45,TARO,,MILK,,50%,BOBA,joey,,TRUE,TRUE,
4/25/2023 21:01:24,DTYMTCH,,MILK,,,BOBA,viola,,TRUE,TRUE,
4/25/2023 21:02:49,BLK,ROSE,MILK,25%,75%,BOBA,aldo,,TRUE,TRUE,
4/25/2023 21:03:57,BLK,ROSE,,100%,25%,BOBA,emily,,TRUE,TRUE,
4/25/2023 21:04:47,BLK,"MNGO, PCH",,0%,50%,BOBA,chris,,TRUE,TRUE,
4/25/2023 21:06:33,TARO,,MILK,,100%,BOBA,zariah,,TRUE,TRUE,
4/25/2023 21:07:33,JSMN,,MILK,0%,25%,"BOBA, LYCHEE",trisha,,TRUE,TRUE,
4/25/2023 21:09:04,TARO,,,,75%,BOBA,essi,,TRUE,TRUE,
4/25/2023 21:09:40,THAI,,MILK,25%,75%,BOBA,essi 2,,TRUE,TRUE,
4/25/2023 21:10:43,SPECIAL,,,,,BOBA,yunju ,,TRUE,TRUE,
4/25/2023 21:11:25,TARO,,MILK,,100%,BOBA,yunju,,TRUE,TRUE,
4/25/2023 21:13:20,JSMN,WNTML,MILK,100%,75%,BOBA,victoria,,TRUE,TRUE,
4/25/2023 21:14:29,OLNG,"HNY, PCH",,75%,75%,BOBA,angie,,TRUE,TRUE,
4/25/2023 21:15:04,THAI,,MILK,25%,25%,BOBA,andro,,TRUE,TRUE,
4/25/2023 21:15:48,SPECIAL,,MILK,,,BOBA,cielo,,TRUE,TRUE,
4/25/2023 21:17:51,JSMN,,MILK,50%,50%,BOBA,carlyn,,TRUE,TRUE,
4/25/2023 21:18:51,JSMN,"KQ, LYCH",,50%,50%,BOBA,paloma,,TRUE,TRUE,
4/25/2023 21:19:59,OLNG,"HNY, PCH",,25%,75%,LYCHEE,hana,,TRUE,TRUE,
4/25/2023 21:21:00,SPECIAL,,MILK,,,LYCHEE,emily,,TRUE,TRUE,
4/25/2023 21:22:23,JSMN,"MNGO, PSNFRT",,100%,100%,POPPIN,laura,,TRUE,TRUE,
4/25/2023 21:23:53,SPECIAL,,Oat,0%,,,amy ,,TRUE,TRUE,
4/25/2023 21:24:42,OLNG,MNGO,,100%,50%,LYCHEE,sarah,,TRUE,TRUE,
4/25/2023 21:25:09,OLNG,MNGO,,100%,50%,LYCHEE,sarah 2,,TRUE,TRUE,
4/25/2023 21:26:49,JSMN,"MNGO, PSNFRT",,25%,25%,POPPIN,gabby,,TRUE,TRUE,
4/25/2023 21:28:25,JSMN,"MNGO, PCH",,75%,75%,LYCHEE,kylie,,TRUE,TRUE,
4/25/2023 21:29:43,JSMN,"MNGO, PSNFRT",,0%,50%,,emily,,TRUE,TRUE,
4/25/2023 21:31:07,BSL,,Oat,,,LYCHEE,ivy,,TRUE,TRUE,
4/25/2023 21:31:50,OLNG,,MILK,100%,100%,,josie,,TRUE,TRUE,
4/25/2023 21:32:12,OLNG,,MILK,100%,100%,,josie 2,,TRUE,TRUE,
4/25/2023 21:32:59,THAI,,MILK,25%,75%,,anna,,TRUE,TRUE,
4/25/2023 21:33:26,SPECIAL,,,,,,fares,,TRUE,TRUE,
4/25/2023 21:34:43,JSMN,"MNGO, PSNFRT",,25%,75%,POPPIN,lynnsean,,TRUE,TRUE,
4/27/2023 19:03:14,BLK,,MILK,25%,75%,BOBA,jacky ,,TRUE,TRUE,
4/27/2023 19:05:54,THAI,,MILK,25%,100%,BOBA,nathan ,,TRUE,TRUE,
4/27/2023 19:06:32,JSMN,WNTML,MILK,25%,50%,BOBA,janet ,,TRUE,TRUE,
4/27/2023 19:07:33,JSMN,MNGO,,25%,75%,POPPIN,jayden ,,TRUE,TRUE,
4/27/2023 19:09:29,TARO,"LYCH, WNTML",Almond,0%,50%,"BOBA, LYCHEE",grace (swap fructose for syrups),,TRUE,TRUE,
4/27/2023 19:10:40,SPECIAL,,,25%,25%,LYCHEE,richard ,,TRUE,TRUE,
4/27/2023 19:11:55,SPECIAL,,,25%,50%,LYCHEE,isaac ,,TRUE,TRUE,
4/27/2023 19:12:55,TARO,,MILK,25%,50%,BOBA,amy ,,TRUE,TRUE,
4/27/2023 19:13:47,BSL,,MILK,,,BOBA,daniel (extra boba),,TRUE,TRUE,
4/27/2023 19:15:34,SPECIAL,,,,,"BOBA, LYCHEE",akosua ,,TRUE,TRUE,
4/27/2023 19:16:34,SPECIAL,,,50%,25%,BOBA,abby ,,TRUE,TRUE,
4/27/2023 19:20:47,OLNG,,MILK,0%,50%,BOBA,juliette ,,TRUE,TRUE,
4/27/2023 19:21:44,JSMN,"MNGO, PSNFRT",,0%,25%,LYCHEE,sage,,TRUE,TRUE,
4/27/2023 19:22:09,BLK,,MILK,0%,100%,BOBA,nira add brown sugar,,TRUE,TRUE,
4/27/2023 19:22:52,THAI,,MILK,25%,100%,BOBA,haley ,,TRUE,TRUE,
4/27/2023 19:23:32,TARO,,MILK,25%,25%,BOBA,mai ,,TRUE,TRUE,
4/27/2023 19:24:46,BLK,ROSE,MILK,0%,50%,BOBA,jannet ,,TRUE,TRUE,
4/27/2023 19:26:40,OLNG,"HNY, PCH",,50%,75%,POPPIN,hadley ,,TRUE,TRUE,
4/27/2023 19:27:19,JSMN,"KQ, LYCH",,25%,25%,LYCHEE,hannah ,,TRUE,TRUE,
4/27/2023 19:28:28,THAI,,MILK,100%,100%,BOBA,janci ,,TRUE,TRUE,
4/27/2023 19:29:52,JSMN,"KQ, LYCH",,25%,50%,,jenny ,,TRUE,TRUE,
4/27/2023 19:30:15,MTCH,,MILK,25%,,,eliana ,,TRUE,TRUE,
4/27/2023 19:32:35,SPECIAL,,,100%,100%,LYCHEE,rom,,TRUE,TRUE,
4/27/2023 19:34:15,OLNG,"HNY, PCH",,50%,25%,LYCHEE,anisa ,,TRUE,TRUE,
4/27/2023 19:48:32,THAI,,MILK,25%,100%,BOBA,maggie ,,TRUE,TRUE,
4/27/2023 19:49:16,THAI,,MILK,50%,100%,BOBA,kiara ,,TRUE,TRUE,
4/27/2023 19:51:14,JSMN,,MILK,50%,50%,BOBA,hailey ,,TRUE,TRUE,
4/27/2023 19:53:36,JSMN,,MILK,25%,50%,BOBA,eleni ,,TRUE,TRUE,
4/27/2023 19:55:15,JSMN,"MNGO, PSNFRT",,25%,50%,POPPIN,pine ,,TRUE,TRUE,
4/27/2023 19:56:54,SPECIAL,,,25%,100%,BOBA,shinee baby ,,TRUE,TRUE,
4/27/2023 19:57:55,BLK,ROSE,MILK,25%,25%,,emily ,,TRUE,TRUE,
4/27/2023 19:58:56,SPECIAL,,Soy,100%,100%,BOBA,andrea ,,TRUE,TRUE,
4/27/2023 19:59:26,BSL,,MILK,,,BOBA,oscar,,TRUE,TRUE,
4/27/2023 19:59:37,BSL,,MILK,,,BOBA,oscar 2,,TRUE,TRUE,
4/27/2023 20:00:38,BLK,,,0%,0%,LYCHEE,mia,,TRUE,TRUE,
4/27/2023 20:01:43,JSMN,PSNFRT,,25%,25%,BOBA,abby,,TRUE,TRUE,
4/27/2023 20:02:24,OLNG,,MILK,25%,75%,BOBA,kaylie,,TRUE,TRUE,
4/27/2023 20:03:33,OLNG,MNGO,,25%,,LYCHEE,cassidy,,TRUE,TRUE,
4/27/2023 20:04:43,SPECIAL,,,,,BOBA,tara,,TRUE,TRUE,
4/27/2023 20:05:29,TARO,,MILK,,25%,BOBA,saru,,TRUE,TRUE,
4/27/2023 20:09:48,,,MILK,50%,50%,BOBA,paige,,TRUE,TRUE,
4/27/2023 20:11:05,THAI,,MILK,100%,75%,BOBA,eloise,,TRUE,TRUE,
4/27/2023 20:12:09,JSMN,WNTML,MILK,0%,100%,BOBA,sean,,TRUE,TRUE,
4/27/2023 20:13:53,JSMN,"MNGO, PSNFRT",,100%,100%,BOBA,max tsl,,TRUE,TRUE,
4/27/2023 20:14:54,SPECIAL,,,50%,50%,LYCHEE,garrett tsl ,,TRUE,TRUE,
4/27/2023 20:15:12,BLK,,MILK,100%,50%,BOBA,hannah,,TRUE,TRUE,
4/27/2023 20:15:58,TARO,,MILK,,50%,BOBA,ansley,,TRUE,TRUE,
4/27/2023 20:16:49,JSMN,,MILK,100%,25%,BOBA,sasha,,TRUE,TRUE,
4/27/2023 20:17:23,SPECIAL,,,50%,50%,LYCHEE,bella tsl,,TRUE,TRUE,
4/27/2023 20:18:05,SPECIAL,,,25%,,BOBA,serenat,,TRUE,TRUE,
4/27/2023 20:18:50,THAI,,MILK,25%,50%,BOBA,alex,,TRUE,TRUE,
4/27/2023 20:19:19,THAI,,MILK,50%,50%,BOBA,alan,,TRUE,TRUE,
4/27/2023 20:19:49,SPECIAL,,MILK,50%,50%,BOBA,alan 2,,TRUE,TRUE,
4/27/2023 20:20:47,BLK,,MILK,25%,75%,BOBA,hana,,TRUE,TRUE,
4/27/2023 20:21:19,BLK,,MILK,100%,75%,BOBA,camille,,TRUE,TRUE,
4/27/2023 20:21:59,JSMN,,MILK,25%,100%,BOBA,lenny,,TRUE,TRUE,
4/27/2023 20:22:36,JSMN,"MNGO, PSNFRT",,25%,50%,LYCHEE,derek,,TRUE,TRUE,
4/27/2023 20:23:13,BSL,,MILK,,,BOBA,james,,TRUE,TRUE,
4/27/2023 20:24:05,BSL,,MILK,,,BOBA,duncan ,,TRUE,TRUE,
4/27/2023 20:24:41,JSMN,PCH,,25%,50%,BOBA,sophia extra boba,,TRUE,TRUE,
4/27/2023 20:25:13,JSMN,KQ,,25%,50%,BOBA,sophia xtra boba,,TRUE,TRUE,
4/27/2023 20:26:12,THAI,,MILK,25%,100%,BOBA,kayla,,TRUE,TRUE,
4/27/2023 20:27:28,JSMN,LYCH,,25%,75%,LYCHEE,devin,,TRUE,TRUE,
4/27/2023 20:28:12,JSMN,"MNGO, PCH",,0%,50%,BOBA,jason,,TRUE,TRUE,
4/27/2023 20:29:25,JSMN,PSNFRT,,75%,50%,BOBA,ava,,TRUE,TRUE,
4/27/2023 20:30:06,JSMN,ROSE,,75%,25%,BOBA,ava 2,,TRUE,TRUE,
4/27/2023 20:31:02,JSMN,,,75%,25%,BOBA,noah,,TRUE,TRUE,
4/27/2023 20:31:49,BLK,,MILK,50%,75%,BOBA,anna,,TRUE,TRUE,
4/27/2023 20:33:15,THAI,,MILK,100%,75%,BOBA,taylor,,TRUE,TRUE,
4/27/2023 20:33:39,SPECIAL,,MILK,75%,25%,BOBA,amanda,,TRUE,TRUE,
4/27/2023 20:34:36,TARO,,MILK,,50%,BOBA,guy,,TRUE,TRUE,
4/27/2023 20:38:29,TARO,,MILK,,100%,BOBA,mars,,TRUE,TRUE,
4/27/2023 20:39:33,TARO,,MILK,,,BOBA,sophia,,TRUE,TRUE,
4/27/2023 20:40:19,DTYMTCH,,MILK,,,BOBA,catherine,,TRUE,TRUE,
4/27/2023 20:41:11,BSL,,Almond,,,BOBA,alyssa,,TRUE,TRUE,
4/27/2023 20:42:05,TARO,,MILK,,100%,BOBA,isara,,TRUE,TRUE,
4/27/2023 20:42:44,DTYMTCH,,MILK,,,BOBA,jay,,TRUE,TRUE,
4/27/2023 20:43:41,OLNG,,MILK,25%,100%,BOBA,sebastian,,TRUE,TRUE,
4/27/2023 20:44:16,BSL,,MILK,,,BOBA,bella,,TRUE,TRUE,
4/27/2023 20:46:55,JSMN,"MNGO, PSNFRT",,25%,75%,POPPIN,kayla,,TRUE,TRUE,
4/27/2023 20:47:34,TARO,,MILK,,50%,,kayla 2,,TRUE,TRUE,
4/27/2023 20:49:01,TARO,,MILK,0%,75%,BOBA,rosie ,,TRUE,TRUE,
4/27/2023 20:50:07,JSMN,"MNGO, PSNFRT",,100%,100%,POPPIN,maya,,TRUE,TRUE,
4/27/2023 20:50:38,THAI,,MILK,0%,50%,BOBA,stephanie,,TRUE,TRUE,
4/27/2023 20:50:54,JSMN,,MILK,50%,50%,BOBA,stephanie 2,,TRUE,TRUE,
4/27/2023 20:52:55,JSMN,,MILK,75%,50%,BOBA,brianna,,TRUE,TRUE,
4/27/2023 20:53:28,THAI,,MILK,50%,50%,BOBA,ella,,TRUE,TRUE,
4/27/2023 20:54:16,JSMN,"MNGO, PSNFRT",,75%,100%,BOBA,stephanie,,TRUE,TRUE,
4/27/2023 20:55:13,JSMN,"MNGO, PSNFRT",,0%,75%,BOBA,desiree,,TRUE,TRUE,
4/27/2023 20:59:01,TARO,,MILK,,100%,BOBA,steven,,TRUE,TRUE,
4/27/2023 20:59:41,OLNG,MNGO,,50%,75%,BOBA,josh ,,TRUE,TRUE,
4/27/2023 20:59:53,BLK,,,0%,50%,BOBA,josh 2,,TRUE,TRUE,
4/27/2023 21:00:07,OLNG,MNGO,,50%,50%,BOBA,josh 3 ,,TRUE,TRUE,
4/27/2023 21:03:13,THAI,,MILK,25%,75%,BOBA,yotam,,TRUE,TRUE,
4/27/2023 21:05:57,TARO,,MILK,,100%,BOBA,jonah,,TRUE,TRUE,
4/27/2023 21:07:50,BSL,,MILK,,,BOBA,leo,,TRUE,TRUE,
4/27/2023 21:08:01,BSL,,MILK,,,BOBA,leo 2,,TRUE,TRUE,
4/27/2023 21:11:10,JSMN,"MNGO, PSNFRT",,25%,75%,BOBA,sky,,TRUE,TRUE,
4/27/2023 21:11:23,JSMN,"MNGO, PSNFRT",,25%,75%,BOBA,sky 2,,TRUE,TRUE,
4/27/2023 21:15:33,JSMN,PCH,,25%,75%,POPPIN,daniel,,TRUE,TRUE,
4/27/2023 21:17:28,JSMN,MNGO,MILK,25%,100%,BOBA,ella,,TRUE,TRUE,
4/27/2023 21:19:52,BLK,ROSE,MILK,25%,25%,BOBA,emily,,TRUE,TRUE,
4/27/2023 21:20:20,BLK,,MILK,25%,25%,BOBA,olivia,,TRUE,TRUE,
4/27/2023 21:27:44,SPECIAL,,MILK,25%,25%,,serena,,TRUE,TRUE,
4/27/2023 21:28:36,TARO,,MILK,100%,25%,BOBA,makayla,,TRUE,TRUE,
4/27/2023 21:30:11,BLK,MNGO,,25%,75%,BOBA,katie,,TRUE,TRUE,
4/27/2023 21:31:12,OLNG,,MILK,100%,0%,,annie,,TRUE,TRUE,
4/27/2023 21:31:28,OLNG,MNGO,,50%,25%,BOBA,josh,,TRUE,TRUE,
4/27/2023 21:31:49,BLK,ROSE,MILK,25%,75%,BOBA,sam,,TRUE,TRUE,
4/27/2023 21:32:22,OLNG,KQ,,25%,75%,BOBA,sam 2,,TRUE,TRUE,
4/27/2023 21:33:00,BLK,ROSE,MILK,100%,100%,BOBA,bianca,,TRUE,TRUE,
4/27/2023 21:36:36,SPECIAL,,,25%,75%,,Alice,,TRUE,TRUE,
4/27/2023 21:37:38,SPECIAL,,,0%,75%,LYCHEE,Trischa,,TRUE,TRUE,
4/27/2023 21:38:43,JSMN,,MILK,100%,100%,,emily,,TRUE,TRUE,
4/27/2023 21:39:03,JSMN,,MILK,100%,100%,,emily,,TRUE,TRUE,
4/27/2023 21:39:27,BLK,ROSE,MILK,50%,100%,,emily 2,,TRUE,TRUE,
4/27/2023 21:40:17,TARO,,Oat,,100%,LYCHEE,jacob,,TRUE,TRUE,
4/27/2023 21:41:14,SPECIAL,,,25%,25%,POPPIN,hayley,,TRUE,TRUE,
5/2/2023 19:08:05,BLK,,MILK,25%,100%,BOBA,Aliyah ,,TRUE,TRUE,
5/2/2023 19:08:50,THAI,,MILK,25%,75%,BOBA,Ava ,,TRUE,TRUE,
5/2/2023 19:09:08,DTYMTCH,,MILK,,,BOBA,Aliyah ,,TRUE,TRUE,
5/2/2023 19:09:49,DTYMTCH,,MILK,,,BOBA,Lauren,,TRUE,TRUE,
5/2/2023 19:11:27,JSMN,"PSNFRT, PCH",,25%,50%,"BOBA, POPPIN",Miyu,,TRUE,TRUE,
5/2/2023 19:12:12,JSMN,WNTML,MILK,50%,50%,BOBA,Kira ,,TRUE,TRUE,
5/2/2023 19:13:11,JSMN,WNTML,MILK,0%,50%,BOBA,Amy (vegan boba),,TRUE,TRUE,
5/2/2023 19:14:02,JSMN,WNTML,MILK,25%,50%,BOBA,Hannah Hong,,TRUE,TRUE,
5/2/2023 19:14:34,OLNG,"HNY, PCH",,25%,75%,BOBA,Hadley ,,TRUE,TRUE,
5/2/2023 19:15:29,THAI,,MILK,75%,25%,BOBA,Kendrick,,TRUE,TRUE,
5/2/2023 19:16:24,DTYMTCH,,MILK,,,BOBA,Jashia ,,TRUE,TRUE,
5/2/2023 19:17:11,BSL,,Oat,,,BOBA,Sophia Merchant ,,TRUE,TRUE,
5/2/2023 19:17:56,TARO,,MILK,75%,100%,BOBA,Mars ,,TRUE,TRUE,
5/2/2023 19:18:36,MTCH,,Oat,,,BOBA,Joe N,,TRUE,TRUE,
5/2/2023 19:19:26,THAI,,MILK,100%,100%,BOBA,Amit ,,TRUE,TRUE,
5/2/2023 19:20:33,TARO,,Oat,0%,50%,BOBA,Kristen Wang,,TRUE,TRUE,
5/2/2023 19:21:08,THAI,,MILK,25%,25%,BOBA,Alex,,TRUE,TRUE,
5/2/2023 19:22:11,THAI,,MILK,25%,25%,BOBA,Chloe M,,TRUE,TRUE,
5/2/2023 19:22:59,TARO,,MILK,75%,100%,BOBA,janci Z,,TRUE,TRUE,
5/2/2023 19:24:02,JSMN,"MNGO, PSNFRT",,50%,25%,,Emma C,,TRUE,TRUE,
5/2/2023 19:24:50,OLNG,"HNY, PCH",,25%,75%,POPPIN,Jake Chang ,,TRUE,TRUE,
5/2/2023 19:26:07,OLNG,,MILK,25%,0%,BOBA,Sam Salazar ,,TRUE,TRUE,
5/2/2023 19:27:03,BSL,,MILK,25%,,BOBA,helene Sov,,TRUE,TRUE,
5/2/2023 19:28:03,TARO,,Soy,100%,100%,BOBA,Andrea V ,,TRUE,TRUE,
5/2/2023 19:29:01,JSMN,,MILK,50%,50%,POPPIN,Katie t ,,TRUE,TRUE,
5/2/2023 19:29:36,THAI,,MILK,50%,100%,BOBA,Kiara Flores,,TRUE,TRUE,
5/2/2023 19:30:39,TARO,,MILK,0%,50%,"BOBA, POPPIN",melinda yang ,,TRUE,TRUE,
5/2/2023 19:31:23,BLK,ROSE,MILK,25%,50%,BOBA,CC,,TRUE,TRUE,
5/2/2023 19:31:50,BLK,,MILK,25%,75%,BOBA,Jacky,,TRUE,TRUE,
5/2/2023 19:32:42,JSMN,,MILK,100%,75%,BOBA,Aiko ,,TRUE,TRUE,
5/2/2023 19:33:20,BSL,,MILK,,,BOBA,Drea A,,TRUE,TRUE,
5/2/2023 19:33:55,BSL,,MILK,,,BOBA,Reyna v,,TRUE,TRUE,
5/2/2023 19:34:43,BSL,,MILK,,,BOBA,Kimberly H ,,TRUE,FALSE,
5/2/2023 19:35:21,BSL,,MILK,,,BOBA,Evelyn A,,TRUE,FALSE,
5/2/2023 19:36:26,JSMN,"LYCH, MNGO",,0%,50%,POPPIN,Mia A,,TRUE,FALSE,
5/2/2023 19:37:10,THAI,,MILK,25%,50%,,Joshua M,,TRUE,TRUE,
5/2/2023 19:37:28,THAI,,MILK,25%,75%,,Shark,,TRUE,FALSE,
5/2/2023 19:38:05,JSMN,"LYCH, MNGO",,25%,100%,POPPIN,Rez ,,FALSE,FALSE,
,,,,,,,,,FALSE,FALSE,
,,,,,,,,,FALSE,FALSE,
,,,,,,,,,FALSE,FALSE,
,,,,,,,,,FALSE,FALSE,
,,,,,,,,,FALSE,FALSE,
,,,,,,,,,FALSE,FALSE,
,,,,,,,,,FALSE,FALSE,
,,,,,,,,,FALSE,FALSE,
,,,,,,,,,FALSE,FALSE,
,,,,,,,,,FALSE,FALSE,
,,,,,,,,,FALSE,FALSE,
,,,,,,,,,FALSE,FALSE,
,,,,,,,,,FALSE,FALSE,
,,,,,,,,,FALSE,FALSE,
,,,,,,,,,FALSE,FALSE,
,,,,,,,,,FALSE,FALSE,
,,,,,,,,,FALSE,FALSE,
,,,,,,,,,FALSE,FALSE,
,,,,,,,,,FALSE,FALSE,
,,,,,,,,,FALSE,FALSE,
,,,,,,,,,FALSE,FALSE,
,,,,,,,,,FALSE,FALSE,
,,,,,,,,,FALSE,FALSE,
,,,,,,,,,FALSE,FALSE,
,,,,,,,,,FALSE,FALSE,
,,,,,,,,,FALSE,FALSE,
,,,,,,,,,FALSE,FALSE,
,,,,,,,,,FALSE,FALSE,
,,,,,,,,,FALSE,FALSE,
,,,,,,,,,FALSE,FALSE,
,,,,,,,,,FALSE,FALSE,
,,,,,,,,,FALSE,FALSE,
,,,,,,,,,FALSE,FALSE,
,,,,,,,,,FALSE,FALSE,
,,,,,,,,,FALSE,FALSE,
,,,,,,,,,FALSE,FALSE,
,,,,,,,,,FALSE,FALSE,
,,,,,,,,,FALSE,FALSE,
,,,,,,,,,FALSE,FALSE,
,,,,,,,,,FALSE,FALSE,
,,,,,,,,,FALSE,FALSE,
,,,,,,,,,FALSE,FALSE,
,,,,,,,,,FALSE,FALSE,
,,,,,,,,,FALSE,FALSE,
,,,,,,,,,FALSE,FALSE,
,,,,,,,,,FALSE,FALSE,
,,,,,,,,,FALSE,FALSE,
,,,,,,,,,FALSE,FALSE,
,,,,,,,,,FALSE,FALSE,
,,,,,,,,,FALSE,FALSE,
,,,,,,,,,FALSE,FALSE,
,,,,,,,,,FALSE,FALSE,
,,,,,,,,,FALSE,FALSE,
,,,,,,,,,FALSE,FALSE,
,,,,,,,,,FALSE,FALSE,
,,,,,,,,,FALSE,FALSE,
,,,,,,,,,FALSE,FALSE,
,,,,,,,,,FALSE,FALSE,
,,,,,,,,,FALSE,FALSE,
,,,,,,,,,FALSE,FALSE,
,,,,,,,,,FALSE,FALSE,
,,,,,,,,,FALSE,FALSE,
,,,,,,,,,FALSE,FALSE,
,,,,,,,,,FALSE,FALSE,
,,,,,,,,,FALSE,FALSE,
,,,,,,,,,FALSE,FALSE,
,,,,,,,,,FALSE,FALSE,
,,,,,,,,,FALSE,FALSE,
,,,,,,,,,FALSE,FALSE,
,,,,,,,,,FALSE,FALSE,
,,,,,,,,,FALSE,FALSE,
,,,,,,,,,FALSE,FALSE,
,,,,,,,,,FALSE,FALSE,
,,,,,,,,,FALSE,FALSE,
,,,,,,,,,FALSE,FALSE,
,,,,,,,,,FALSE,FALSE,
,,,,,,,,,FALSE,FALSE,
,,,,,,,,,FALSE,FALSE,
,,,,,,,,,FALSE,FALSE,
,,,,,,,,,FALSE,FALSE,
,,,,,,,,,FALSE,FALSE,
,,,,,,,,,FALSE,FALSE,
,,,,,,,,,FALSE,FALSE,
,,,,,,,,,FALSE,FALSE,
,,,,,,,,,FALSE,FALSE,
,,,,,,,,,FALSE,FALSE,
,,,,,,,,,FALSE,FALSE,
,,,,,,,,,FALSE,FALSE,
,,,,,,,,,FALSE,FALSE,
,,,,,,,,,FALSE,FALSE,
,,,,,,,,,FALSE,FALSE,
,,,,,,,,,FALSE,FALSE,
,,,,,,,,,FALSE,FALSE,
,,,,,,,,,FALSE,FALSE,
,,,,,,,,,FALSE,FALSE,
,,,,,,,,,FALSE,FALSE,
,,,,,,,,,FALSE,FALSE,
,,,,,,,,,FALSE,FALSE,
,,,,,,,,,FALSE,FALSE,
,,,,,,,,,FALSE,FALSE,
,,,,,,,,,FALSE,FALSE,
,,,,,,,,,FALSE,FALSE,
,,,,,,,,,FALSE,FALSE,
,,,,,,,,,FALSE,FALSE,
,,,,,,,,,FALSE,FALSE,
,,,,,,,,,FALSE,FALSE,
,,,,,,,,,FALSE,FALSE,
,,,,,,,,,FALSE,FALSE,
,,,,,,,,,FALSE,FALSE,
,,,,,,,,,FALSE,FALSE,
,,,,,,,,,FALSE,FALSE,
,,,,,,,,,FALSE,FALSE,
,,,,,,,,,FALSE,FALSE,
,,,,,,,,,FALSE,FALSE,
,,,,,,,,,FALSE,FALSE,
,,,,,,,,,FALSE,FALSE,
,,,,,,,,,FALSE,FALSE,
,,,,,,,,,FALSE,FALSE,
,,,,,,,,,FALSE,FALSE,
,,,,,,,,,FALSE,FALSE,
,,,,,,,,,FALSE,FALSE,
,,,,,,,,,FALSE,FALSE,
,,,,,,,,,FALSE,FALSE,
,,,,,,,,,FALSE,FALSE,
,,,,,,,,,FALSE,FALSE,
,,,,,,,,,FALSE,FALSE,
,,,,,,,,,FALSE,FALSE,
,,,,,,,,,FALSE,FALSE,
,,,,,,,,,FALSE,FALSE,
,,,,,,,,,FALSE,FALSE,
,,,,,,,,,FALSE,FALSE,
,,,,,,,,,FALSE,FALSE,
,,,,,,,,,FALSE,FALSE,
,,,,,,,,,FALSE,FALSE,
,,,,,,,,,FALSE,FALSE,
,,,,,,,,,FALSE,FALSE,
,,,,,,,,,FALSE,FALSE,
,,,,,,,,,FALSE,FALSE,
,,,,,,,,,FALSE,FALSE,
,,,,,,,,,FALSE,FALSE,
,,,,,,,,,FALSE,FALSE,
,,,,,,,,,FALSE,FALSE,
,,,,,,,,,FALSE,FALSE,
,,,,,,,,,FALSE,FALSE,
,,,,,,,,,FALSE,FALSE,
,,,,,,,,,FALSE,FALSE,
,,,,,,,,,FALSE,FALSE,
,,,,,,,,,FALSE,FALSE,
,,,,,,,,,FALSE,FALSE,
,,,,,,,,,FALSE,FALSE,
,,,,,,,,,FALSE,FALSE,
,,,,,,,,,FALSE,FALSE,
,,,,,,,,,FALSE,FALSE,
,,,,,,,,,FALSE,FALSE,
,,,,,,,,,FALSE,FALSE,
,,,,,,,,,FALSE,FALSE,
,,,,,,,,,FALSE,FALSE,
,,,,,,,,,FALSE,FALSE,
,,,,,,,,,FALSE,FALSE,
,,,,,,,,,FALSE,FALSE,
,,,,,,,,,FALSE,FALSE,
,,,,,,,,,FALSE,FALSE,
,,,,,,,,,FALSE,FALSE,
,,,,,,,,,FALSE,FALSE,
,,,,,,,,,FALSE,FALSE,
,,,,,,,,,FALSE,FALSE,
,,,,,,,,,FALSE,FALSE,
,,,,,,,,,FALSE,FALSE,
,,,,,,,,,FALSE,FALSE,
,,,,,,,,,FALSE,FALSE,
,,,,,,,,,FALSE,FALSE,
,,,,,,,,,FALSE,FALSE,
,,,,,,,,,FALSE,FALSE,
,,,,,,,,,FALSE,FALSE,
,,,,,,,,,FALSE,FALSE,
,,,,,,,,,FALSE,FALSE,
,,,,,,,,,FALSE,FALSE,
,,,,,,,,,FALSE,FALSE,
,,,,,,,,,FALSE,FALSE,
,,,,,,,,,FALSE,FALSE,
,,,,,,,,,FALSE,FALSE,
,,,,,,,,,FALSE,FALSE,
,,,,,,,,,FALSE,FALSE,
,,,,,,,,,FALSE,FALSE,
,,,,,,,,,FALSE,FALSE,
,,,,,,,,,FALSE,FALSE,
,,,,,,,,,FALSE,FALSE,
,,,,,,,,,FALSE,FALSE,
,,,,,,,,,FALSE,FALSE,
,,,,,,,,,FALSE,FALSE,
,,,,,,,,,FALSE,FALSE,
,,,,,,,,,FALSE,FALSE,
,,,,,,,,,FALSE,FALSE,
,,,,,,,,,FALSE,FALSE,
,,,,,,,,,FALSE,FALSE,
,,,,,,,,,FALSE,FALSE,
,,,,,,,,,FALSE,FALSE,
,,,,,,,,,FALSE,FALSE,
,,,,,,,,,FALSE,FALSE,
,,,,,,,,,FALSE,FALSE,
,,,,,,,,,FALSE,FALSE,
,,,,,,,,,FALSE,FALSE,
,,,,,,,,,FALSE,FALSE,
,,,,,,,,,FALSE,FALSE,
,,,,,,,,,FALSE,FALSE,
,,,,,,,,,FALSE,FALSE,
,,,,,,,,,FALSE,FALSE,
,,,,,,,,,FALSE,FALSE,
,,,,,,,,,FALSE,FALSE,
,,,,,,,,,FALSE,FALSE,
,,,,,,,,,FALSE,FALSE,
,,,,,,,,,FALSE,FALSE,
,,,,,,,,,FALSE,FALSE,
,,,,,,,,,FALSE,FALSE,
,,,,,,,,,FALSE,FALSE,
,,,,,,,,,FALSE,FALSE,
,,,,,,,,,FALSE,FALSE,
,,,,,,,,,FALSE,FALSE,
,,,,,,,,,FALSE,FALSE,
,,,,,,,,,FALSE,FALSE,
,,,,,,,,,FALSE,FALSE,
,,,,,,,,,FALSE,FALSE,
,,,,,,,,,FALSE,FALSE,
,,,,,,,,,FALSE,FALSE,
,,,,,,,,,FALSE,FALSE,
,,,,,,,,,FALSE,FALSE,
,,,,,,,,,FALSE,FALSE,
,,,,,,,,,FALSE,FALSE,
,,,,,,,,,FALSE,FALSE,
,,,,,,,,,FALSE,FALSE,
,,,,,,,,,FALSE,FALSE,
,,,,,,,,,FALSE,FALSE,
,,,,,,,,,FALSE,FALSE,
,,,,,,,,,FALSE,FALSE,
,,,,,,,,,FALSE,FALSE,
,,,,,,,,,FALSE,FALSE,
,,,,,,,,,FALSE,FALSE,
,,,,,,,,,FALSE,FALSE,
,,,,,,,,,FALSE,FALSE,
,,,,,,,,,FALSE,FALSE,
,,,,,,,,,FALSE,FALSE,
,,,,,,,,,FALSE,FALSE,
,,,,,,,,,FALSE,FALSE,
,,,,,,,,,FALSE,FALSE,
,,,,,,,,,FALSE,FALSE,
,,,,,,,,,FALSE,FALSE,
,,,,,,,,,FALSE,FALSE,
,,,,,,,,,FALSE,FALSE,
,,,,,,,,,FALSE,FALSE,
,,,,,,,,,FALSE,FALSE,
,,,,,,,,,FALSE,FALSE,
,,,,,,,,,FALSE,FALSE,
,,,,,,,,,FALSE,FALSE,
,,,,,,,,,FALSE,FALSE,
,,,,,,,,,FALSE,FALSE,
,,,,,,,,,FALSE,FALSE,
,,,,,,,,,FALSE,FALSE,
,,,,,,,,,FALSE,FALSE,
,,,,,,,,,FALSE,FALSE,
,,,,,,,,,FALSE,FALSE,
,,,,,,,,,FALSE,FALSE,
,,,,,,,,,FALSE,FALSE,
,,,,,,,,,FALSE,FALSE,
,,,,,,,,,FALSE,FALSE,
,,,,,,,,,FALSE,FALSE,
,,,,,,,,,FALSE,FALSE,
,,,,,,,,,FALSE,FALSE,
,,,,,,,,,FALSE,FALSE,
,,,,,,,,,FALSE,FALSE,
,,,,,,,,,FALSE,FALSE,
,,,,,,,,,FALSE,FALSE,
,,,,,,,,,FALSE,FALSE,
,,,,,,,,,FALSE,FALSE,
,,,,,,,,,FALSE,FALSE,
,,,,,,,,,FALSE,FALSE,
,,,,,,,,,FALSE,FALSE,
,,,,,,,,,FALSE,FALSE,
,,,,,,,,,FALSE,FALSE,
,,,,,,,,,FALSE,FALSE,
,,,,,,,,,FALSE,FALSE,
,,,,,,,,,FALSE,FALSE,
,,,,,,,,,FALSE,FALSE,
,,,,,,,,,FALSE,FALSE,
,,,,,,,,,FALSE,FALSE,
,,,,,,,,,FALSE,FALSE,
,,,,,,,,,FALSE,FALSE,
,,,,,,,,,FALSE,FALSE,
,,,,,,,,,FALSE,FALSE,
,,,,,,,,,FALSE,FALSE,
,,,,,,,,,FALSE,FALSE,
,,,,,,,,,FALSE,FALSE,
,,,,,,,,,FALSE,FALSE,
,,,,,,,,,FALSE,FALSE,
,,,,,,,,,FALSE,FALSE,
,,,,,,,,,FALSE,FALSE,
,,,,,,,,,FALSE,FALSE,
,,,,,,,,,FALSE,FALSE,
,,,,,,,,,FALSE,FALSE,
,,,,,,,,,FALSE,FALSE,
,,,,,,,,,FALSE,FALSE,
,,,,,,,,,FALSE,FALSE,
,,,,,,,,,FALSE,FALSE,
,,,,,,,,,FALSE,FALSE,
,,,,,,,,,FALSE,FALSE,
,,,,,,,,,FALSE,FALSE,
,,,,,,,,,FALSE,FALSE,
,,,,,,,,,FALSE,FALSE,
,,,,,,,,,FALSE,FALSE,
,,,,,,,,,FALSE,FALSE,
,,,,,,,,,FALSE,FALSE,
,,,,,,,,,FALSE,FALSE,
,,,,,,,,,FALSE,FALSE,
,,,,,,,,,FALSE,FALSE,
,,,,,,,,,FALSE,FALSE,
,,,,,,,,,FALSE,FALSE,
,,,,,,,,,FALSE,FALSE,
,,,,,,,,,FALSE,FALSE,
,,,,,,,,,FALSE,FALSE,
,,,,,,,,,FALSE,FALSE,
,,,,,,,,,FALSE,FALSE,
,,,,,,,,,FALSE,FALSE,
,,,,,,,,,FALSE,FALSE,
,,,,,,,,,FALSE,FALSE,
,,,,,,,,,FALSE,FALSE,
,,,,,,,,,FALSE,FALSE,
,,,,,,,,,FALSE,FALSE,
,,,,,,,,,FALSE,FALSE,
,,,,,,,,,FALSE,FALSE,
,,,,,,,,,FALSE,FALSE,
,,,,,,,,,FALSE,FALSE,
,,,,,,,,,FALSE,FALSE,
,,,,,,,,,FALSE,FALSE,
,,,,,,,,,FALSE,FALSE,
,,,,,,,,,FALSE,FALSE,
,,,,,,,,,FALSE,FALSE,
,,,,,,,,,FALSE,FALSE,
,,,,,,,,,FALSE,FALSE,
,,,,,,,,,FALSE,FALSE,
,,,,,,,,,FALSE,FALSE,
,,,,,,,,,FALSE,FALSE,
,,,,,,,,,FALSE,FALSE,
,,,,,,,,,FALSE,FALSE,
,,,,,,,,,FALSE,FALSE,
,,,,,,,,,FALSE,FALSE,
,,,,,,,,,FALSE,FALSE,
,,,,,,,,,FALSE,FALSE,
,,,,,,,,,FALSE,FALSE,
,,,,,,,,,FALSE,FALSE,
,,,,,,,,,FALSE,FALSE,
,,,,,,,,,FALSE,FALSE,
,,,,,,,,,FALSE,FALSE,
,,,,,,,,,FALSE,FALSE,
,,,,,,,,,FALSE,FALSE,
,,,,,,,,,FALSE,FALSE,
,,,,,,,,,FALSE,FALSE,